Site,Core_ID,Treatment,SampleID,Total_core_mass_pot_pie_pans_g,Additional_Wt_toRemove,sequence_valve,Picarro_method,Start_Date_Time,Stop_Date_Time,Time_Zone,Time_elapsed_h,TREATMENT_PHASE,Notes,Who,Ignore_Data
DWP,6,sat_I,D6,569.7,10,3,Saturation_I_3soils_20170515_dwp.seq,6/15/2017 16:28,6/16/2017 8:14,America/Los_Angeles,15.76666667,IMMEDIATE_SATURATION,,TRC,
DWP,7,sat_I,D7,636.2,10,5,Saturation_I_3soils_20170515_dwp.seq,6/15/2017 16:28,6/16/2017 8:14,America/Los_Angeles,15.76666667,IMMEDIATE_SATURATION,,TRC,
DWP,8,sat_I,D8,546.1,10,7,Saturation_I_3soils_20170515_dwp.seq,6/15/2017 16:28,6/16/2017 8:14,America/Los_Angeles,15.76666667,IMMEDIATE_SATURATION,,TRC,
DWP,9,sat_I,D9,424.4,10,8,Saturation_I_3soils_20170515_dwp.seq,6/15/2017 16:28,6/16/2017 8:14,America/Los_Angeles,15.76666667,IMMEDIATE_SATURATION,,TRC,
DWP,10,sat_I,D10,541,10,15,Saturation_I_3soils_20170515_dwp.seq,6/15/2017 16:28,6/16/2017 8:14,America/Los_Angeles,15.76666667,IMMEDIATE_SATURATION,,TRC,
DWP,21,drought,D21,539.72,,3,Drought_20170616_dwp.seq,6/16/2017 17:28,6/17/2017 9:20,America/Los_Angeles,15.86666667,DROUGHT_PRE_INCUBATION,,TRC,
DWP,22,drought,D22,526.64,,5,Drought_20170616_dwp.seq,6/16/2017 17:28,6/17/2017 9:20,America/Los_Angeles,15.86666667,DROUGHT_PRE_INCUBATION,,TRC,
DWP,23,drought,D23,588.74,,7,Drought_20170616_dwp.seq,6/16/2017 17:28,6/17/2017 9:20,America/Los_Angeles,15.86666667,DROUGHT_PRE_INCUBATION,,TRC,
DWP,24,drought,D24,397.52,,8,Drought_20170616_dwp.seq,6/16/2017 17:28,6/17/2017 9:20,America/Los_Angeles,15.86666667,DROUGHT_PRE_INCUBATION,,TRC,
DWP,25,drought,D25,438.56,,15,Drought_20170616_dwp.seq,6/16/2017 17:28,6/17/2017 9:20,America/Los_Angeles,15.86666667,DROUGHT_PRE_INCUBATION,,TRC,
DWP,21,drought,D21,536.39,,3,Drought_20170616_dwp.seq,6/19/2017 18:08,6/20/2017 14:14,America/Los_Angeles,20.1,DROUGHT_PRE_INCUBATION,,TRC,
DWP,22,drought,D22,520.25,,5,Drought_20170616_dwp.seq,6/19/2017 18:08,6/20/2017 14:14,America/Los_Angeles,20.1,DROUGHT_PRE_INCUBATION,,TRC,
DWP,23,drought,D23,580.15,,7,Drought_20170616_dwp.seq,6/19/2017 18:08,6/20/2017 14:14,America/Los_Angeles,20.1,DROUGHT_PRE_INCUBATION,,TRC,
DWP,24,drought,D24,389.87,,8,Drought_20170616_dwp.seq,6/19/2017 18:08,6/20/2017 14:14,America/Los_Angeles,20.1,DROUGHT_PRE_INCUBATION,,TRC,
DWP,25,drought,D25,430.67,,15,Drought_20170616_dwp.seq,6/19/2017 18:08,6/20/2017 14:14,America/Los_Angeles,20.1,DROUGHT_PRE_INCUBATION,,TRC,
DWP,21,drought,D21,533,,3,Drought_20170616_dwp.seq,6/21/2017 17:05,6/22/2017 16:41,America/Los_Angeles,23.6,DROUGHT_PRE_INCUBATION,,TRC,
DWP,22,drought,D22,515.38,,5,Drought_20170616_dwp.seq,6/21/2017 17:05,6/22/2017 16:41,America/Los_Angeles,23.6,DROUGHT_PRE_INCUBATION,,TRC,
DWP,23,drought,D23,577.42,,7,Drought_20170616_dwp.seq,6/21/2017 17:05,6/22/2017 16:41,America/Los_Angeles,23.6,DROUGHT_PRE_INCUBATION,,TRC,
DWP,24,drought,D24,386.4,,8,Drought_20170616_dwp.seq,6/21/2017 17:05,6/22/2017 16:41,America/Los_Angeles,23.6,DROUGHT_PRE_INCUBATION,,TRC,
DWP,25,drought,D25,427.87,,15,Drought_20170616_dwp.seq,6/21/2017 17:05,6/22/2017 16:41,America/Los_Angeles,23.6,DROUGHT_PRE_INCUBATION,,TRC,
DWP,21,drought,D21,519.67,,3,Drought_20170616_dwp.seq,6/26/2017 10:01,6/27/2017 9:55,America/Los_Angeles,23.9,DROUGHT_PRE_INCUBATION,,TRC,
DWP,22,drought,D22,503.51,,5,Drought_20170616_dwp.seq,6/26/2017 10:01,6/27/2017 9:55,America/Los_Angeles,23.9,DROUGHT_PRE_INCUBATION,,TRC,
DWP,23,drought,D23,560.07,,7,Drought_20170616_dwp.seq,6/26/2017 10:01,6/27/2017 9:55,America/Los_Angeles,23.9,DROUGHT_PRE_INCUBATION,,TRC,
DWP,24,drought,D24,381.58,,8,Drought_20170616_dwp.seq,6/26/2017 10:01,6/27/2017 9:55,America/Los_Angeles,23.9,DROUGHT_PRE_INCUBATION,,TRC,
DWP,25,drought,D25,420.63,,15,Drought_20170616_dwp.seq,6/26/2017 10:01,6/27/2017 9:55,America/Los_Angeles,23.9,DROUGHT_PRE_INCUBATION,,TRC,
DWP,21,drought,D21,518.45,,3,Drought_20170616_dwp.seq,6/28/2017 15:30,6/29/2017 8:21,America/Los_Angeles,16.85,DROUGHT_PRE_INCUBATION,,TRC,
DWP,22,drought,D22,501.37,,5,Drought_20170616_dwp.seq,6/28/2017 15:30,6/29/2017 8:21,America/Los_Angeles,16.85,DROUGHT_PRE_INCUBATION,,TRC,
DWP,23,drought,D23,546,,7,Drought_20170616_dwp.seq,6/28/2017 15:30,6/29/2017 8:21,America/Los_Angeles,16.85,DROUGHT_PRE_INCUBATION,,TRC,
DWP,24,drought,D24,380.41,,8,Drought_20170616_dwp.seq,6/28/2017 15:30,6/29/2017 8:21,America/Los_Angeles,16.85,DROUGHT_PRE_INCUBATION,,TRC,
DWP,25,drought,D25,418.87,,15,Drought_20170616_dwp.seq,6/28/2017 15:30,6/29/2017 8:21,America/Los_Angeles,16.85,DROUGHT_PRE_INCUBATION,,TRC,
DWP,21,drought,D21,516.84,,3,Drought_20170616_dwp.seq,6/30/2017 13:39,7/1/2017 13:37,America/Los_Angeles,23.96666667,DROUGHT_PRE_INCUBATION,,TRC,
DWP,22,drought,D22,499.91,,5,Drought_20170616_dwp.seq,6/30/2017 13:39,7/1/2017 13:37,America/Los_Angeles,23.96666667,DROUGHT_PRE_INCUBATION,,TRC,
DWP,23,drought,D23,534.63,,7,Drought_20170616_dwp.seq,6/30/2017 13:39,7/1/2017 13:37,America/Los_Angeles,23.96666667,DROUGHT_PRE_INCUBATION,,TRC,
DWP,24,drought,D24,379.3,,8,Drought_20170616_dwp.seq,6/30/2017 13:39,7/1/2017 13:37,America/Los_Angeles,23.96666667,DROUGHT_PRE_INCUBATION,,TRC,
DWP,25,drought,D25,417.53,,15,Drought_20170616_dwp.seq,6/30/2017 13:39,7/1/2017 13:37,America/Los_Angeles,23.96666667,DROUGHT_PRE_INCUBATION,,TRC,
DWP,21,drought,D21,513.11,,3,Drought_20170616_dwp.seq,7/5/2017 11:44,7/6/2017 8:19,America/Los_Angeles,20.58333333,DROUGHT_PRE_INCUBATION,,TRC,
DWP,22,drought,D22,496.66,,5,Drought_20170616_dwp.seq,7/5/2017 11:44,7/6/2017 8:19,America/Los_Angeles,20.58333333,DROUGHT_PRE_INCUBATION,,TRC,
DWP,23,drought,D23,489.67,,7,Drought_20170616_dwp.seq,7/5/2017 11:44,7/6/2017 8:19,America/Los_Angeles,20.58333333,DROUGHT_PRE_INCUBATION,,TRC,
DWP,24,drought,D24,376.7,,8,Drought_20170616_dwp.seq,7/5/2017 11:44,7/6/2017 8:19,America/Los_Angeles,20.58333333,DROUGHT_PRE_INCUBATION,,TRC,
DWP,25,drought,D25,413.96,,15,Drought_20170616_dwp.seq,7/5/2017 11:44,7/6/2017 8:19,America/Los_Angeles,20.58333333,DROUGHT_PRE_INCUBATION,,TRC,
DWP,21,drought,D21,510.62,,3,Drought_20170616_dwp.seq,7/10/2017 10:12,7/10/2017 15:13,America/Los_Angeles,5.016666667,DROUGHT_PRE_INCUBATION,,TRC,
DWP,22,drought,D22,494.34,,5,Drought_20170616_dwp.seq,7/10/2017 10:12,7/10/2017 15:13,America/Los_Angeles,5.016666667,DROUGHT_PRE_INCUBATION,,TRC,
DWP,23,drought,D23,478.63,,7,Drought_20170616_dwp.seq,7/10/2017 10:12,7/10/2017 15:13,America/Los_Angeles,5.016666667,DROUGHT_PRE_INCUBATION,,TRC,
DWP,24,drought,D24,374.52,,8,Drought_20170616_dwp.seq,7/10/2017 10:12,7/10/2017 15:13,America/Los_Angeles,5.016666667,DROUGHT_PRE_INCUBATION,,TRC,
DWP,25,drought,D25,410.94,,15,Drought_20170616_dwp.seq,7/10/2017 10:12,7/10/2017 15:13,America/Los_Angeles,5.016666667,DROUGHT_PRE_INCUBATION,,TRC,
DWP,21,drought,D21,509.45,,3,Drought_20170616_dwp.seq,7/12/2017 17:00,7/13/2017 8:45,America/Los_Angeles,15.75,DROUGHT_PRE_INCUBATION,,TRC,
DWP,22,drought,D22,493.23,,5,Drought_20170616_dwp.seq,7/12/2017 17:00,7/13/2017 8:45,America/Los_Angeles,15.75,DROUGHT_PRE_INCUBATION,,TRC,
DWP,23,drought,D23,476.78,,7,Drought_20170616_dwp.seq,7/12/2017 17:00,7/13/2017 8:45,America/Los_Angeles,15.75,DROUGHT_PRE_INCUBATION,,TRC,
DWP,24,drought,D24,373.51,,8,Drought_20170616_dwp.seq,7/12/2017 17:00,7/13/2017 8:45,America/Los_Angeles,15.75,DROUGHT_PRE_INCUBATION,,TRC,
DWP,25,drought,D25,409.44,,15,Drought_20170616_dwp.seq,7/12/2017 17:00,7/13/2017 8:45,America/Los_Angeles,15.75,DROUGHT_PRE_INCUBATION,,TRC,
DWP,21,drought,D21,507.26,,3,Drought_20170616_dwp.seq,7/17/2017 10:00,7/17/2017 18:00,America/Los_Angeles,8,DROUGHT_PRE_INCUBATION,,APS,
DWP,22,drought,D22,491.38,,5,Drought_20170616_dwp.seq,7/17/2017 10:00,7/17/2017 18:00,America/Los_Angeles,8,DROUGHT_PRE_INCUBATION,,APS,
DWP,23,drought,D23,473.66,,7,Drought_20170616_dwp.seq,7/17/2017 10:00,7/17/2017 18:00,America/Los_Angeles,8,DROUGHT_PRE_INCUBATION,,APS,
DWP,24,drought,D24,372.46,,8,Drought_20170616_dwp.seq,7/17/2017 10:00,7/17/2017 18:00,America/Los_Angeles,8,DROUGHT_PRE_INCUBATION,,APS,
DWP,25,drought,D25,406.78,,15,Drought_20170616_dwp.seq,7/17/2017 10:00,7/17/2017 18:00,America/Los_Angeles,8,DROUGHT_PRE_INCUBATION,,APS,
DWP,21,drought,D21,506.02,,3,Drought_20170616_dwp.seq,7/20/2017 12:00,7/20/2017 18:00,America/Los_Angeles,6,DROUGHT_PRE_INCUBATION,,APS,
DWP,22,drought,D22,490.44,,5,Drought_20170616_dwp.seq,7/20/2017 12:00,7/20/2017 18:00,America/Los_Angeles,6,DROUGHT_PRE_INCUBATION,,APS,
DWP,23,drought,D23,472.14,,7,Drought_20170616_dwp.seq,7/20/2017 12:00,7/20/2017 18:00,America/Los_Angeles,6,DROUGHT_PRE_INCUBATION,,APS,
DWP,24,drought,D24,372.37,,8,Drought_20170616_dwp.seq,7/20/2017 12:00,7/20/2017 18:00,America/Los_Angeles,6,DROUGHT_PRE_INCUBATION,,APS,
DWP,25,drought,D25,405.35,,15,Drought_20170616_dwp.seq,7/20/2017 12:00,7/20/2017 18:00,America/Los_Angeles,6,DROUGHT_PRE_INCUBATION,,APS,
DWP,21,drought,D21,505.34,,3,Drought_20170616_dwp.seq,7/22/2017 14:00,7/22/2017 22:00,America/Los_Angeles,8,DROUGHT_PRE_INCUBATION,,APS,
DWP,22,drought,D22,490.42,,5,Drought_20170616_dwp.seq,7/22/2017 14:00,7/22/2017 22:00,America/Los_Angeles,8,DROUGHT_PRE_INCUBATION,,APS,
DWP,23,drought,D23,471.26,,7,Drought_20170616_dwp.seq,7/22/2017 14:00,7/22/2017 22:00,America/Los_Angeles,8,DROUGHT_PRE_INCUBATION,,APS,
DWP,24,drought,D24,372.34,,8,Drought_20170616_dwp.seq,7/22/2017 14:00,7/22/2017 22:00,America/Los_Angeles,8,DROUGHT_PRE_INCUBATION,,APS,
DWP,25,drought,D25,404.59,,15,Drought_20170616_dwp.seq,7/22/2017 14:00,7/22/2017 22:00,America/Los_Angeles,8,DROUGHT_PRE_INCUBATION,,APS,
DWP,21,drought,D21,504.61,,3,Drought_20170724_dwp.seq,7/25/2017 9:40,7/25/2017 17:00,America/Los_Angeles,7.333333333,DROUGHT_INCUBATION,,APS,
DWP,22,drought,D22,489.93,,5,Drought_20170724_dwp.seq,7/25/2017 9:40,7/25/2017 17:00,America/Los_Angeles,7.333333333,DROUGHT_INCUBATION,,APS,
DWP,23,drought,D23,470.1,,1,Drought_20170724_dwp.seq,7/25/2017 9:40,7/25/2017 17:00,America/Los_Angeles,7.333333333,DROUGHT_INCUBATION,,APS,
DWP,24,drought,D24,372.31,,8,Drought_20170724_dwp.seq,7/25/2017 9:40,7/25/2017 17:00,America/Los_Angeles,7.333333333,DROUGHT_INCUBATION,,APS,
DWP,25,drought,D25,403.45,,15,Drought_20170724_dwp.seq,7/25/2017 9:40,7/25/2017 17:00,America/Los_Angeles,7.333333333,DROUGHT_INCUBATION,,APS,
DWP,21,drought,D21,504.4,,3,Drought_20170724_dwp.seq,7/28/2017 14:00,7/29/2017 8:00,America/Los_Angeles,18,DROUGHT_INCUBATION,,APS,
DWP,22,drought,D22,489.97,,5,Drought_20170724_dwp.seq,7/28/2017 14:00,7/29/2017 8:00,America/Los_Angeles,18,DROUGHT_INCUBATION,,APS,
DWP,23,drought,D23,469.15,,1,Drought_20170724_dwp.seq,7/28/2017 14:00,7/29/2017 8:00,America/Los_Angeles,18,DROUGHT_INCUBATION,,APS,
DWP,24,drought,D24,372.39,,8,Drought_20170724_dwp.seq,7/28/2017 14:00,7/29/2017 8:00,America/Los_Angeles,18,DROUGHT_INCUBATION,,APS,
DWP,25,drought,D25,402.88,,15,Drought_20170724_dwp.seq,7/28/2017 14:00,7/29/2017 8:00,America/Los_Angeles,18,DROUGHT_INCUBATION,,APS,
DWP,21,drought,D21,504.19,,3,Drought_20170724_dwp.seq,8/1/2017 10:00,8/1/2017 18:00,America/Los_Angeles,8,DROUGHT_INCUBATION,,APS,
DWP,22,drought,D22,489.78,,5,Drought_20170724_dwp.seq,8/1/2017 10:00,8/1/2017 18:00,America/Los_Angeles,8,DROUGHT_INCUBATION,,APS,
DWP,23,drought,D23,468.26,,1,Drought_20170724_dwp.seq,8/1/2017 10:00,8/1/2017 18:00,America/Los_Angeles,8,DROUGHT_INCUBATION,,APS,
DWP,24,drought,D24,372.26,,8,Drought_20170724_dwp.seq,8/1/2017 10:00,8/1/2017 18:00,America/Los_Angeles,8,DROUGHT_INCUBATION,,APS,
DWP,25,drought,D25,402.49,,15,Drought_20170724_dwp.seq,8/1/2017 10:00,8/1/2017 18:00,America/Los_Angeles,8,DROUGHT_INCUBATION,,APS,
DWP,21,drought,D21,504.21,,3,Drought_20170724_dwp.seq,8/4/2017 10:00,8/4/2017 15:00,America/Los_Angeles,5,DROUGHT_INCUBATION,,APS,YES
DWP,22,drought,D22,489.91,,5,Drought_20170724_dwp.seq,8/4/2017 10:00,8/4/2017 15:00,America/Los_Angeles,5,DROUGHT_INCUBATION,,APS,YES
DWP,23,drought,D23,467.77,,1,Drought_20170724_dwp.seq,8/4/2017 10:00,8/4/2017 15:00,America/Los_Angeles,5,DROUGHT_INCUBATION,,APS,YES
DWP,24,drought,D24,372.42,,8,Drought_20170724_dwp.seq,8/4/2017 10:00,8/4/2017 15:00,America/Los_Angeles,5,DROUGHT_INCUBATION,,APS,YES
DWP,25,drought,D25,402.44,,15,Drought_20170724_dwp.seq,8/4/2017 10:00,8/4/2017 15:00,America/Los_Angeles,5,DROUGHT_INCUBATION,,APS,YES
DWP,21,drought,D21,503.91,,3,Drought_20170724_dwp.seq,8/8/2017 14:50,8/9/2017 10:13,America/Los_Angeles,19.38333333,DROUGHT_INCUBATION,,APS,
DWP,22,drought,D22,490.95,,5,Drought_20170724_dwp.seq,8/8/2017 14:50,8/9/2017 10:13,America/Los_Angeles,19.38333333,DROUGHT_INCUBATION,,APS,
DWP,23,drought,D23,467.67,,1,Drought_20170724_dwp.seq,8/8/2017 14:50,8/9/2017 10:13,America/Los_Angeles,19.38333333,DROUGHT_INCUBATION,,APS,
DWP,24,drought,D24,372.47,,8,Drought_20170724_dwp.seq,8/8/2017 14:50,8/9/2017 10:13,America/Los_Angeles,19.38333333,DROUGHT_INCUBATION,,APS,
DWP,25,drought,D25,402.47,,15,Drought_20170724_dwp.seq,8/8/2017 14:50,8/9/2017 10:13,America/Los_Angeles,19.38333333,DROUGHT_INCUBATION,,APS,
DWP,21,drought,D21,503.78,,3,Drought_20170724_dwp.seq,8/10/2017 8:31,8/11/2017 23:59,America/Los_Angeles,39.46666667,DROUGHT_INCUBATION,,APS,
DWP,22,drought,D22,489.83,,5,Drought_20170724_dwp.seq,8/10/2017 8:31,8/11/2017 23:59,America/Los_Angeles,39.46666667,DROUGHT_INCUBATION,,APS,
DWP,23,drought,D23,467.55,,1,Drought_20170724_dwp.seq,8/10/2017 8:31,8/11/2017 23:59,America/Los_Angeles,39.46666667,DROUGHT_INCUBATION,,APS,
DWP,24,drought,D24,372.37,,8,Drought_20170724_dwp.seq,8/10/2017 8:31,8/11/2017 23:59,America/Los_Angeles,39.46666667,DROUGHT_INCUBATION,,APS,
DWP,25,drought,D25,403.33,,15,Drought_20170724_dwp.seq,8/10/2017 8:31,8/11/2017 23:59,America/Los_Angeles,39.46666667,DROUGHT_INCUBATION,,APS,
DWP,21,drought,D21,503.69,,3,Drought_20170724_dwp.seq,8/13/2017 12:53,8/13/2017 17:30,America/Los_Angeles,4.616666667,DROUGHT_INCUBATION,,APS,
DWP,22,drought,D22,489.78,,5,Drought_20170724_dwp.seq,8/13/2017 12:53,8/13/2017 17:30,America/Los_Angeles,4.616666667,DROUGHT_INCUBATION,,APS,
DWP,23,drought,D23,467.42,,1,Drought_20170724_dwp.seq,8/13/2017 12:53,8/13/2017 17:30,America/Los_Angeles,4.616666667,DROUGHT_INCUBATION,,APS,
DWP,24,drought,D24,372.33,,8,Drought_20170724_dwp.seq,8/13/2017 12:53,8/13/2017 17:30,America/Los_Angeles,4.616666667,DROUGHT_INCUBATION,,APS,
DWP,25,drought,D25,403.23,,15,Drought_20170724_dwp.seq,8/13/2017 12:53,8/13/2017 17:30,America/Los_Angeles,4.616666667,DROUGHT_INCUBATION,,APS,
DWP,21,drought,D21,503.7,,3,Drought_20170724_dwp.seq,8/16/2017 15:00,8/16/2017 23:59,America/Los_Angeles,8.983333333,DROUGHT_INCUBATION,,APS,
DWP,22,drought,D22,489.77,,5,Drought_20170724_dwp.seq,8/16/2017 15:00,8/16/2017 23:59,America/Los_Angeles,8.983333333,DROUGHT_INCUBATION,,APS,
DWP,23,drought,D23,467.42,,1,Drought_20170724_dwp.seq,8/16/2017 15:00,8/16/2017 23:59,America/Los_Angeles,8.983333333,DROUGHT_INCUBATION,,APS,
DWP,24,drought,D24,372.33,,8,Drought_20170724_dwp.seq,8/16/2017 15:00,8/16/2017 23:59,America/Los_Angeles,8.983333333,DROUGHT_INCUBATION,,APS,
DWP,21,drought,D21,503.15,,3,Drought_20170724_dwp.seq,8/18/2017 12:15,8/18/2017 20:00,America/Los_Angeles,7.75,DROUGHT_INCUBATION,,APS,
DWP,22,drought,D22,489.64,,5,Drought_20170724_dwp.seq,8/18/2017 12:15,8/18/2017 20:00,America/Los_Angeles,7.75,DROUGHT_INCUBATION,,APS,
DWP,23,drought,D23,467.36,,1,Drought_20170724_dwp.seq,8/18/2017 12:15,8/18/2017 20:00,America/Los_Angeles,7.75,DROUGHT_INCUBATION,,APS,
DWP,24,drought,D24,372.3,,8,Drought_20170724_dwp.seq,8/18/2017 12:15,8/18/2017 20:00,America/Los_Angeles,7.75,DROUGHT_INCUBATION,,APS,
DWP,25,drought,D25,402.13,,15,Drought_20170724_dwp.seq,8/18/2017 12:15,8/18/2017 20:00,America/Los_Angeles,7.75,DROUGHT_INCUBATION,,APS,
DWP,21,drought,D21,503.06,10,3,Drought_20170724_dwp.seq,8/23/2017 10:00,8/23/2017 17:00,America/Los_Angeles,7,DROUGHT_SATURATION,,APS,
DWP,22,drought,D22,489.64,10,5,Drought_20170724_dwp.seq,8/23/2017 10:00,8/23/2017 17:00,America/Los_Angeles,7,DROUGHT_SATURATION,,APS,
DWP,23,drought,D23,467.3,10,1,Drought_20170724_dwp.seq,8/23/2017 10:00,8/23/2017 17:00,America/Los_Angeles,7,DROUGHT_SATURATION,,APS,
DWP,24,drought,D24,372.28,10,8,Drought_20170724_dwp.seq,8/23/2017 10:00,8/23/2017 17:00,America/Los_Angeles,7,DROUGHT_SATURATION,,APS,
DWP,25,drought,D25,402.04,10,15,Drought_20170724_dwp.seq,8/23/2017 10:00,8/23/2017 17:00,America/Los_Angeles,7,DROUGHT_SATURATION,,APS,
DWP,16,field_moist,D16,604.27,,NA,Saturation_II_3soils_20170617_dwp_LONG.seq,6/23/2017 16:46,6/24/2017 14:53,America/Los_Angeles,22.11666667,FIELD_MOIST_INCUBATION,Core D16 is left our of the experiment as no pore water could be extracted from it,TRC,Y
DWP,17,field_moist,D17,422.85,,5,Saturation_II_3soils_20170617_dwp_LONG.seq,6/23/2017 16:46,6/24/2017 14:53,America/Los_Angeles,22.11666667,FIELD_MOIST_INCUBATION,,TRC,
DWP,18,field_moist,D18,567.14,,7,Saturation_II_3soils_20170617_dwp_LONG.seq,6/23/2017 16:46,6/24/2017 14:53,America/Los_Angeles,22.11666667,FIELD_MOIST_INCUBATION,,TRC,
DWP,19,field_moist,D19,577.05,,8,Saturation_II_3soils_20170617_dwp_LONG.seq,6/23/2017 16:46,6/24/2017 14:53,America/Los_Angeles,22.11666667,FIELD_MOIST_INCUBATION,,TRC,
DWP,20,field_moist,D20,491.47,,15,Saturation_II_3soils_20170617_dwp_LONG.seq,6/23/2017 16:46,6/24/2017 14:53,America/Los_Angeles,22.11666667,FIELD_MOIST_INCUBATION,,TRC,
DWP,16,field_moist,D16,604.42,,3,Saturation_II_3soils_20170617_dwp.seq,6/27/2017 17:36,6/28/2017 12:50,America/Los_Angeles,19.23333333,FIELD_MOIST_INCUBATION,,TRC,Y
DWP,17,field_moist,D17,423.02,,5,Saturation_II_3soils_20170617_dwp.seq,6/27/2017 17:36,6/28/2017 12:50,America/Los_Angeles,19.23333333,FIELD_MOIST_INCUBATION,,TRC,
DWP,18,field_moist,D18,567.59,,7,Saturation_II_3soils_20170617_dwp.seq,6/27/2017 17:36,6/28/2017 12:50,America/Los_Angeles,19.23333333,FIELD_MOIST_INCUBATION,,TRC,
DWP,19,field_moist,D19,577.12,,8,Saturation_II_3soils_20170617_dwp.seq,6/27/2017 17:36,6/28/2017 12:50,America/Los_Angeles,19.23333333,FIELD_MOIST_INCUBATION,,TRC,
DWP,20,field_moist,D20,491.48,,15,Saturation_II_3soils_20170617_dwp.seq,6/27/2017 17:36,6/28/2017 12:50,America/Los_Angeles,19.23333333,FIELD_MOIST_INCUBATION,,TRC,
DWP,16,field_moist,D16,604.4,,3,Saturation_II_3soils_20170617_dwp.seq,7/3/2017 13:56,7/4/2017 10:59,America/Los_Angeles,21.05,FIELD_MOIST_INCUBATION,,TRC,Y
DWP,17,field_moist,D17,432.1,,5,Saturation_II_3soils_20170617_dwp.seq,7/3/2017 13:56,7/4/2017 10:59,America/Los_Angeles,21.05,FIELD_MOIST_INCUBATION,,TRC,
DWP,18,field_moist,D18,567.15,,7,Saturation_II_3soils_20170617_dwp.seq,7/3/2017 13:56,7/4/2017 10:59,America/Los_Angeles,21.05,FIELD_MOIST_INCUBATION,,TRC,
DWP,19,field_moist,D19,578.49,,8,Saturation_II_3soils_20170617_dwp.seq,7/3/2017 13:56,7/4/2017 10:59,America/Los_Angeles,21.05,FIELD_MOIST_INCUBATION,,TRC,
DWP,20,field_moist,D20,491.9,,15,Saturation_II_3soils_20170617_dwp.seq,7/3/2017 13:56,7/4/2017 10:59,America/Los_Angeles,21.05,FIELD_MOIST_INCUBATION,,TRC,
DWP,16,field_moist,D16,604.39,,3,Saturation_II_3soils_20170617_dwp.seq,7/7/2017 14:27,7/9/2017 11:43,America/Los_Angeles,45.26666667,FIELD_MOIST_INCUBATION,,TRC,Y
DWP,17,field_moist,D17,444,,5,Saturation_II_3soils_20170617_dwp.seq,7/7/2017 14:27,7/9/2017 11:43,America/Los_Angeles,45.26666667,FIELD_MOIST_INCUBATION,,TRC,
DWP,18,field_moist,D18,567.14,,7,Saturation_II_3soils_20170617_dwp.seq,7/7/2017 14:27,7/9/2017 11:43,America/Los_Angeles,45.26666667,FIELD_MOIST_INCUBATION,,TRC,
DWP,19,field_moist,D19,DATA?,,8,Saturation_II_3soils_20170617_dwp.seq,7/7/2017 14:27,7/9/2017 11:43,America/Los_Angeles,45.26666667,FIELD_MOIST_INCUBATION,,TRC,
DWP,20,field_moist,D20,491.56,,15,Saturation_II_3soils_20170617_dwp.seq,7/7/2017 14:27,7/9/2017 11:43,America/Los_Angeles,45.26666667,FIELD_MOIST_INCUBATION,,TRC,
DWP,16,field_moist,D16,603.53,,3,Saturation_II_3soils_20170617_dwp.seq,7/12/2017 11:00,7/12/2017 16:00,America/Los_Angeles,5,FIELD_MOIST_INCUBATION,,TRC,Y
DWP,17,field_moist,D17,440.06,,5,Saturation_II_3soils_20170617_dwp.seq,7/12/2017 11:00,7/12/2017 16:00,America/Los_Angeles,5,FIELD_MOIST_INCUBATION,,TRC,
DWP,18,field_moist,D18,567.28,,7,Saturation_II_3soils_20170617_dwp.seq,7/12/2017 11:00,7/12/2017 16:00,America/Los_Angeles,5,FIELD_MOIST_INCUBATION,,TRC,
DWP,19,field_moist,D19,DATA?,,8,Saturation_II_3soils_20170617_dwp.seq,7/12/2017 11:00,7/12/2017 16:00,America/Los_Angeles,5,FIELD_MOIST_INCUBATION,,TRC,
DWP,20,field_moist,D20,491.43,,15,Saturation_II_3soils_20170617_dwp.seq,7/12/2017 11:00,7/12/2017 16:00,America/Los_Angeles,5,FIELD_MOIST_INCUBATION,,TRC,
DWP,16,field_moist,D16,602.08,,3,Saturation_II_3soils_20170617_dwp.seq,7/16/2017 16:00,7/17/2017 8:00,America/Los_Angeles,16,FIELD_MOIST_INCUBATION,,APS,Y
DWP,17,field_moist,D17,477.74,,5,Saturation_II_3soils_20170617_dwp.seq,7/16/2017 16:00,7/17/2017 8:00,America/Los_Angeles,16,FIELD_MOIST_INCUBATION,,APS,
DWP,18,field_moist,D18,564.75,,7,Saturation_II_3soils_20170617_dwp.seq,7/16/2017 16:00,7/17/2017 8:00,America/Los_Angeles,16,FIELD_MOIST_INCUBATION,,APS,
DWP,19,field_moist,D19,581.13,,8,Saturation_II_3soils_20170617_dwp.seq,7/16/2017 16:00,7/17/2017 8:00,America/Los_Angeles,16,FIELD_MOIST_INCUBATION,,APS,
DWP,20,field_moist,D20,505.82,,15,Saturation_II_3soils_20170617_dwp.seq,7/16/2017 16:00,7/17/2017 8:00,America/Los_Angeles,16,FIELD_MOIST_INCUBATION,,APS,
DWP,16,field_moist,D16,601.01,,3,Saturation_II_3soils_20170617_dwp.seq,7/18/2017 18:00,7/19/2017 8:00,America/Los_Angeles,14,FIELD_MOIST_INCUBATION,,APS,Y
DWP,17,field_moist,D17,450.39,,5,Saturation_II_3soils_20170617_dwp.seq,7/18/2017 18:00,7/19/2017 8:00,America/Los_Angeles,14,FIELD_MOIST_INCUBATION,,APS,
DWP,18,field_moist,D18,563.91,,7,Saturation_II_3soils_20170617_dwp.seq,7/18/2017 18:00,7/19/2017 8:00,America/Los_Angeles,14,FIELD_MOIST_INCUBATION,,APS,
DWP,19,field_moist,D19,579.57,,8,Saturation_II_3soils_20170617_dwp.seq,7/18/2017 18:00,7/19/2017 8:00,America/Los_Angeles,14,FIELD_MOIST_INCUBATION,,APS,
DWP,20,field_moist,D20,507.02,,15,Saturation_II_3soils_20170617_dwp.seq,7/18/2017 18:00,7/19/2017 8:00,America/Los_Angeles,14,FIELD_MOIST_INCUBATION,,APS,
DWP,16,field_moist,D16,603.73,,3,Saturation_II_3soils_20170617_dwp.seq,7/21/2017 12:00,7/21/2017 17:00,America/Los_Angeles,5,FIELD_MOIST_INCUBATION,,APS,Y
DWP,17,field_moist,D17,435.57,,5,Saturation_II_3soils_20170617_dwp.seq,7/21/2017 12:00,7/21/2017 17:00,America/Los_Angeles,5,FIELD_MOIST_INCUBATION,,APS,
DWP,18,field_moist,D18,567.6,,7,Saturation_II_3soils_20170617_dwp.seq,7/21/2017 12:00,7/21/2017 17:00,America/Los_Angeles,5,FIELD_MOIST_INCUBATION,,APS,
DWP,19,field_moist,D19,579.92,,8,Saturation_II_3soils_20170617_dwp.seq,7/21/2017 12:00,7/21/2017 17:00,America/Los_Angeles,5,FIELD_MOIST_INCUBATION,,APS,
DWP,20,field_moist,D20,492.28,,15,Saturation_II_3soils_20170617_dwp.seq,7/21/2017 12:00,7/21/2017 17:00,America/Los_Angeles,5,FIELD_MOIST_INCUBATION,,APS,
DWP,16,field_moist,D16,681.79,10,3,Saturation_FM_3soils_20170723_dwp.seq,7/23/2017 17:15,7/24/2017 8:30,America/Los_Angeles,15.25,FIELD_MOIST_SATURATION,,APS,Y
DWP,17,field_moist,D17,562.95,10,5,Saturation_FM_3soils_20170723_dwp.seq,7/23/2017 17:15,7/24/2017 8:30,America/Los_Angeles,15.25,FIELD_MOIST_SATURATION,,APS,
DWP,18,field_moist,D18,693.49,10,1,Saturation_FM_3soils_20170723_dwp.seq,7/23/2017 17:15,7/24/2017 8:30,America/Los_Angeles,15.25,FIELD_MOIST_SATURATION,,APS,
DWP,19,field_moist,D19,660.07,10,8,Saturation_FM_3soils_20170723_dwp.seq,7/23/2017 17:15,7/24/2017 8:30,America/Los_Angeles,15.25,FIELD_MOIST_SATURATION,,APS,
DWP,20,field_moist,D20,491.52,10,15,Saturation_FM_3soils_20170723_dwp.seq,7/23/2017 17:15,7/24/2017 8:30,America/Los_Angeles,15.25,FIELD_MOIST_SATURATION,,APS,
DWP,11,sat_II,D11,637.4,10,3,Saturation_II_3soils_20170617_dwp.seq,6/17/2017 15:15,6/18/2017 13:46,America/Los_Angeles,22.51666667,SATURATION_SATURATION,,TRC,
DWP,12,sat_II,D12,637.4,10,5,Saturation_II_3soils_20170617_dwp.seq,6/17/2017 15:15,6/18/2017 13:46,America/Los_Angeles,22.51666667,SATURATION_SATURATION,,TRC,
DWP,13,sat_II,D13,587.9,10,7,Saturation_II_3soils_20170617_dwp.seq,6/17/2017 15:15,6/18/2017 13:46,America/Los_Angeles,22.51666667,SATURATION_SATURATION,,TRC,
DWP,14,sat_II,D14,551.5,10,8,Saturation_II_3soils_20170617_dwp.seq,6/17/2017 15:15,6/18/2017 13:46,America/Los_Angeles,22.51666667,SATURATION_SATURATION,,TRC,
DWP,15,sat_II,D15,569.3,10,15,Saturation_II_3soils_20170617_dwp.seq,6/17/2017 15:15,6/18/2017 13:46,America/Los_Angeles,22.51666667,SATURATION_SATURATION,,TRC,
DWP,11,sat_II,D11,601.96,,3,Saturation_II_3soils_20170617_dwp.seq,6/20/2017 16:20,6/21/2017 15:40,America/Los_Angeles,23.33333333,SATURATION_INCUBATION,,TRC,
DWP,12,sat_II,D12,608.24,,5,Saturation_II_3soils_20170617_dwp.seq,6/20/2017 16:20,6/21/2017 15:40,America/Los_Angeles,23.33333333,SATURATION_INCUBATION,,TRC,
DWP,13,sat_II,D13,542.48,,7,Saturation_II_3soils_20170617_dwp.seq,6/20/2017 16:20,6/21/2017 15:40,America/Los_Angeles,23.33333333,SATURATION_INCUBATION,,TRC,
DWP,14,sat_II,D14,561.45,,8,Saturation_II_3soils_20170617_dwp.seq,6/20/2017 16:20,6/21/2017 15:40,America/Los_Angeles,23.33333333,SATURATION_INCUBATION,,TRC,
DWP,15,sat_II,D15,530.39,,15,Saturation_II_3soils_20170617_dwp.seq,6/20/2017 16:20,6/21/2017 15:40,America/Los_Angeles,23.33333333,SATURATION_INCUBATION,,TRC,
DWP,11,sat_II,D11,601.14,,3,Saturation_II_3soils_20170617_dwp_LONG.seq,6/22/2017 18:00,6/23/2017 9:38,America/Los_Angeles,15.63333333,SATURATION_INCUBATION,,TRC,
DWP,12,sat_II,D12,608.68,,5,Saturation_II_3soils_20170617_dwp_LONG.seq,6/22/2017 18:00,6/23/2017 9:38,America/Los_Angeles,15.63333333,SATURATION_INCUBATION,,TRC,
DWP,13,sat_II,D13,542.53,,7,Saturation_II_3soils_20170617_dwp_LONG.seq,6/22/2017 18:00,6/23/2017 9:38,America/Los_Angeles,15.63333333,SATURATION_INCUBATION,,TRC,
DWP,14,sat_II,D14,561.67,,8,Saturation_II_3soils_20170617_dwp_LONG.seq,6/22/2017 18:00,6/23/2017 9:38,America/Los_Angeles,15.63333333,SATURATION_INCUBATION,,TRC,
DWP,15,sat_II,D15,530.54,,15,Saturation_II_3soils_20170617_dwp_LONG.seq,6/22/2017 18:00,6/23/2017 9:38,America/Los_Angeles,15.63333333,SATURATION_INCUBATION,,TRC,
DWP,11,sat_II,D11,607.57,,3,Saturation_II_3soils_20170617_dwp.seq,6/24/2017 16:31,6/26/2017 9:20,America/Los_Angeles,40.81666667,SATURATION_INCUBATION,,TRC,
DWP,12,sat_II,D12,606.31,,5,Saturation_II_3soils_20170617_dwp.seq,6/24/2017 16:31,6/26/2017 9:20,America/Los_Angeles,40.81666667,SATURATION_INCUBATION,,TRC,
DWP,13,sat_II,D13,542.63,,7,Saturation_II_3soils_20170617_dwp.seq,6/24/2017 16:31,6/26/2017 9:20,America/Los_Angeles,40.81666667,SATURATION_INCUBATION,,TRC,
DWP,14,sat_II,D14,556.42,,8,Saturation_II_3soils_20170617_dwp.seq,6/24/2017 16:31,6/26/2017 9:20,America/Los_Angeles,40.81666667,SATURATION_INCUBATION,,TRC,
DWP,15,sat_II,D15,520.73,,15,Saturation_II_3soils_20170617_dwp.seq,6/24/2017 16:31,6/26/2017 9:20,America/Los_Angeles,40.81666667,SATURATION_INCUBATION,,TRC,
DWP,11,sat_II,D11,608.3,,3,Saturation_II_3soils_20170617_dwp.seq,6/27/2017 11:18,6/27/2017 16:32,America/Los_Angeles,5.233333333,SATURATION_INCUBATION,,TRC,
DWP,12,sat_II,D12,606.14,,5,Saturation_II_3soils_20170617_dwp.seq,6/27/2017 11:18,6/27/2017 16:32,America/Los_Angeles,5.233333333,SATURATION_INCUBATION,,TRC,
DWP,13,sat_II,D13,542.44,,7,Saturation_II_3soils_20170617_dwp.seq,6/27/2017 11:18,6/27/2017 16:32,America/Los_Angeles,5.233333333,SATURATION_INCUBATION,,TRC,
DWP,14,sat_II,D14,556.82,,8,Saturation_II_3soils_20170617_dwp.seq,6/27/2017 11:18,6/27/2017 16:32,America/Los_Angeles,5.233333333,SATURATION_INCUBATION,,TRC,
DWP,15,sat_II,D15,530.88,,15,Saturation_II_3soils_20170617_dwp.seq,6/27/2017 11:18,6/27/2017 16:32,America/Los_Angeles,5.233333333,SATURATION_INCUBATION,,TRC,
DWP,11,sat_II,D11,607.56,,3,Saturation_II_3soils_20170617_dwp.seq,7/1/2017 14:00,07/02/2017 15:50,America/Los_Angeles,25.83333333,SATURATION_INCUBATION,,TRC,
DWP,12,sat_II,D12,607.08,,5,Saturation_II_3soils_20170617_dwp.seq,7/1/2017 14:00,07/02/2017 15:50,America/Los_Angeles,25.83333333,SATURATION_INCUBATION,,TRC,
DWP,13,sat_II,D13,544.11,,7,Saturation_II_3soils_20170617_dwp.seq,7/1/2017 14:00,07/02/2017 15:50,America/Los_Angeles,25.83333333,SATURATION_INCUBATION,,TRC,
DWP,14,sat_II,D14,556.11,,8,Saturation_II_3soils_20170617_dwp.seq,7/1/2017 14:00,07/02/2017 15:50,America/Los_Angeles,25.83333333,SATURATION_INCUBATION,,TRC,
DWP,15,sat_II,D15,510.48,,15,Saturation_II_3soils_20170617_dwp.seq,7/1/2017 14:00,07/02/2017 15:50,America/Los_Angeles,25.83333333,SATURATION_INCUBATION,,TRC,
DWP,11,sat_II,D11,608.21,,3,Saturation_II_3soils_20170617_dwp.seq,7/4/2017 11:55,7/5/2017 10:09,America/Los_Angeles,22.23333333,SATURATION_INCUBATION,,TRC,
DWP,12,sat_II,D12,607.26,,5,Saturation_II_3soils_20170617_dwp.seq,7/4/2017 11:55,7/5/2017 10:09,America/Los_Angeles,22.23333333,SATURATION_INCUBATION,,TRC,
DWP,13,sat_II,D13,542.5,,7,Saturation_II_3soils_20170617_dwp.seq,7/4/2017 11:55,7/5/2017 10:09,America/Los_Angeles,22.23333333,SATURATION_INCUBATION,,TRC,
DWP,14,sat_II,D14,556.94,,8,Saturation_II_3soils_20170617_dwp.seq,7/4/2017 11:55,7/5/2017 10:09,America/Los_Angeles,22.23333333,SATURATION_INCUBATION,,TRC,
DWP,15,sat_II,D15,510.96,,15,Saturation_II_3soils_20170617_dwp.seq,7/4/2017 11:55,7/5/2017 10:09,America/Los_Angeles,22.23333333,SATURATION_INCUBATION,,TRC,
DWP,11,sat_II,D11,607.54,,3,Saturation_II_3soils_20170617_dwp.seq,7/10/2017 16:12,7/11/2017 10:02,America/Los_Angeles,17.83333333,SATURATION_INCUBATION,,TRC,
DWP,12,sat_II,D12,606.66,,5,Saturation_II_3soils_20170617_dwp.seq,7/10/2017 16:12,7/11/2017 10:02,America/Los_Angeles,17.83333333,SATURATION_INCUBATION,,TRC,
DWP,13,sat_II,D13,542.48,,7,Saturation_II_3soils_20170617_dwp.seq,7/10/2017 16:12,7/11/2017 10:02,America/Los_Angeles,17.83333333,SATURATION_INCUBATION,,TRC,
DWP,14,sat_II,D14,556.46,,8,Saturation_II_3soils_20170617_dwp.seq,7/10/2017 16:12,7/11/2017 10:02,America/Los_Angeles,17.83333333,SATURATION_INCUBATION,,TRC,
DWP,15,sat_II,D15,510.32,,15,Saturation_II_3soils_20170617_dwp.seq,7/10/2017 16:12,7/11/2017 10:02,America/Los_Angeles,17.83333333,SATURATION_INCUBATION,,TRC,
DWP,11,sat_II,D11,619.7,,3,Saturation_II_3soils_20170617_dwp.seq,7/15/2017 10:30,7/16/2017 9:00,America/Los_Angeles,22.5,SATURATION_INCUBATION,,TRC,
DWP,12,sat_II,D12,645.78,,5,Saturation_II_3soils_20170617_dwp.seq,7/15/2017 10:30,7/16/2017 9:00,America/Los_Angeles,22.5,SATURATION_INCUBATION,,TRC,
DWP,13,sat_II,D13,569.53,,7,Saturation_II_3soils_20170617_dwp.seq,7/15/2017 10:30,7/16/2017 9:00,America/Los_Angeles,22.5,SATURATION_INCUBATION,,TRC,
DWP,14,sat_II,D14,571.09,,8,Saturation_II_3soils_20170617_dwp.seq,7/15/2017 10:30,7/16/2017 9:00,America/Los_Angeles,22.5,SATURATION_INCUBATION,,TRC,
DWP,15,sat_II,D15,532.51,,15,Saturation_II_3soils_20170617_dwp.seq,7/15/2017 10:30,7/16/2017 9:00,America/Los_Angeles,22.5,SATURATION_INCUBATION,,TRC,
CPCRW,NA,ambient,NA,NA,,16,Drought,10/6/2016 15:15,10/7/2016 6:15,America/Los_Angeles,15,AMBIENT_4C,ambient__APS; Stop time edited by TRC; a nominal value of 0.5 cm is filled in for missing data by TRC,APS,
CPCRW,21,drought,C21,553.21,,1,Drought,10/6/2016 15:15,10/7/2016 6:15,America/Los_Angeles,15,DROUGHT4C_PRE_INCUBATION,4C__APS,APS,
CPCRW,22,drought,C22,419.01,,2,Drought,10/6/2016 15:15,10/7/2016 6:15,America/Los_Angeles,15,DROUGHT4C_PRE_INCUBATION,4C__APS,APS,
CPCRW,23,drought,C23,358.91,,3,Drought,10/6/2016 15:15,10/7/2016 6:15,America/Los_Angeles,15,DROUGHT4C_PRE_INCUBATION,4C__APS,APS,
CPCRW,24,drought,C24,383.45,,4,Drought,10/6/2016 15:15,10/7/2016 6:15,America/Los_Angeles,15,DROUGHT4C_PRE_INCUBATION,4C__APS,APS,
CPCRW,25,drought,C25,375.89,,5,Drought,10/6/2016 15:15,10/7/2016 6:15,America/Los_Angeles,15,DROUGHT4C_PRE_INCUBATION,4C__APS,APS,
CPCRW,NA,ambient,NA,NA,,16,,10/7/2016 16:22,10/8/2016 7:30,America/Los_Angeles,15.13333333,AMBIENT,"ambient__TRC, APS","TRC, APS",
CPCRW,6,sat_I,C6,593.35,10,6,,10/7/2016 16:22,10/8/2016 7:30,America/Los_Angeles,15.13333333,IMMEDIATE_SATURATION,"SATURATION EVENT, weight post-measurement__TRC, APS","TRC, APS",
CPCRW,7,sat_I,C7,605.26,10,7,,10/7/2016 16:22,10/8/2016 7:30,America/Los_Angeles,15.13333333,IMMEDIATE_SATURATION,"SATURATION EVENT, weight post-measurement__TRC, APS","TRC, APS",
CPCRW,8,sat_I,C8,539.8,10,8,,10/7/2016 16:22,10/8/2016 7:30,America/Los_Angeles,15.13333333,IMMEDIATE_SATURATION,"SATURATION EVENT, weight post-measurement__TRC, APS","TRC, APS",
CPCRW,9,sat_I,C9,551.43,10,9,,10/7/2016 16:22,10/8/2016 7:30,America/Los_Angeles,15.13333333,IMMEDIATE_SATURATION,"SATURATION EVENT, weight post-measurement__TRC, APS","TRC, APS",
CPCRW,10,sat_I,C10,547.71,10,10,,10/7/2016 16:22,10/8/2016 7:30,America/Los_Angeles,15.13333333,IMMEDIATE_SATURATION,"SATURATION EVENT, weight post-measurement__TRC, APS","TRC, APS",
CPCRW,NA,ambient,,NA,,16,Drought_3Soils....,10/9/2016 9:30,10/9/2016 21:30,America/Los_Angeles,12,AMBIENT_4C,ambient core at 4C__APS,APS,
CPCRW,21,drought,C21,550.12,,1,Drought_3Soils....,10/9/2016 8:30,10/9/2016 21:30,America/Los_Angeles,13,DROUGHT4C_PRE_INCUBATION,4C__APS,APS,
CPCRW,22,drought,C22,416.27,,2,Drought_3Soils....,10/9/2016 8:30,10/9/2016 21:30,America/Los_Angeles,13,DROUGHT4C_PRE_INCUBATION,4C__APS,APS,
CPCRW,23,drought,C23,356.23,,3,Drought_3Soils....,10/9/2016 8:30,10/9/2016 21:30,America/Los_Angeles,13,DROUGHT4C_PRE_INCUBATION,4C__APS,APS,
CPCRW,24,drought,C24,379.47,,4,Drought_3Soils....,10/9/2016 8:30,10/9/2016 21:30,America/Los_Angeles,13,DROUGHT4C_PRE_INCUBATION,4C__APS,APS,
CPCRW,25,drought,C25,373.08,,5,Drought_3Soils....,10/9/2016 8:30,10/9/2016 21:30,America/Los_Angeles,13,DROUGHT4C_PRE_INCUBATION,4C__APS,APS,
CPCRW,NA,ambient,,NA,,16,Saturation_II_3Soils_20161012,10/11/2016 17:00,10/12/2016 8:30,America/Los_Angeles,15.5,AMBIENT,"ambient__TRC, APS","TRC, APS",
CPCRW,11,sat_II,C11,556.06,10,11,Saturation_II_3Soils_20161012,10/11/2016 17:00,10/12/2016 8:30,America/Los_Angeles,15.5,SATURATION_SATURATION,"SATURATION EVENT__TRC, APS","TRC, APS",
CPCRW,12,sat_II,C12,500.25,10,12,Saturation_II_3Soils_20161012,10/11/2016 17:00,10/12/2016 8:30,America/Los_Angeles,15.5,SATURATION_SATURATION,"SATURATION EVENT__TRC, APS","TRC, APS",
CPCRW,13,sat_II,C13,599.65,10,13,Saturation_II_3Soils_20161012,10/11/2016 17:00,10/12/2016 8:30,America/Los_Angeles,15.5,SATURATION_SATURATION,"SATURATION EVENT__TRC, APS","TRC, APS",
CPCRW,14,sat_II,C14,577.71,10,14,Saturation_II_3Soils_20161012,10/11/2016 17:00,10/12/2016 8:30,America/Los_Angeles,15.5,SATURATION_SATURATION,"SATURATION EVENT__TRC, APS","TRC, APS",
CPCRW,15,sat_II,C15,484.2,10,15,Saturation_II_3Soils_20161012,10/11/2016 17:00,10/12/2016 8:30,America/Los_Angeles,15.5,SATURATION_SATURATION,"SATURATION EVENT__TRC, APS","TRC, APS",
CPCRW,NA,ambient,NA,NA,,16,Drought,10/13/2016 9:30,10/13/2016 12:44,America/Los_Angeles,3.233333333,AMBIENT_4C,"ambient, 4C__APS",APS,
CPCRW,21,drought,C21,545.4,,1,Drought,10/13/2016 9:30,10/13/2016 12:44,America/Los_Angeles,3.233333333,DROUGHT4C_PRE_INCUBATION,4C__APS,APS,
CPCRW,22,drought,C22,411.84,,2,Drought,10/13/2016 9:30,10/13/2016 12:44,America/Los_Angeles,3.233333333,DROUGHT4C_PRE_INCUBATION,4C__APS,APS,
CPCRW,23,drought,C23,353.58,,3,Drought,10/13/2016 9:30,10/13/2016 12:44,America/Los_Angeles,3.233333333,DROUGHT4C_PRE_INCUBATION,4C__APS,APS,
CPCRW,24,drought,C24,373.86,,4,Drought,10/13/2016 9:30,10/13/2016 12:44,America/Los_Angeles,3.233333333,DROUGHT4C_PRE_INCUBATION,4C__APS,APS,
CPCRW,25,drought,C25,364.53,,5,Drought,10/13/2016 9:30,10/13/2016 12:44,America/Los_Angeles,3.233333333,DROUGHT4C_PRE_INCUBATION,4C__APS,APS,
CPCRW,16,field_moist,C16,421.27,,8,Field_Moist,10/11/2016 10:56,10/11/2016 13:56,America/Los_Angeles,3,FIELD_MOIST_INCUBATION,"Valve numbers written on paper, but not recorded here, nice hand-writing, not mine :)__SF or TRC?",SF,
CPCRW,17,field_moist,C17,408.79,,6,Field_Moist,10/11/2016 10:56,10/11/2016 13:56,America/Los_Angeles,3,FIELD_MOIST_INCUBATION,"Valve numbers written on paper, but not recorded here, nice hand-writing, not mine :)__SF or TRC?",SF,
CPCRW,18,field_moist,C18,393.96,,1,Field_Moist,10/11/2016 10:56,10/11/2016 13:56,America/Los_Angeles,3,FIELD_MOIST_INCUBATION,"Valve numbers written on paper, but not recorded here, nice hand-writing, not mine :)__SF or TRC?",SF,
CPCRW,19,field_moist,C19,537.98,,7,Field_Moist,10/11/2016 10:56,10/11/2016 13:56,America/Los_Angeles,3,FIELD_MOIST_INCUBATION,"Valve numbers written on paper, but not recorded here, nice hand-writing, not mine :)__SF or TRC?",SF,
CPCRW,20,field_moist,C20,525.74,,2,Field_Moist,10/11/2016 10:56,10/11/2016 13:56,America/Los_Angeles,3,FIELD_MOIST_INCUBATION,"Valve numbers written on paper, but not recorded here, nice hand-writing, not mine :)__SF or TRC?",SF,
CPCRW,NA,ambient,NA,NA,,16,Saturation_II_FM_3Soils_20161015,10/15/2016 10:37,10/15/2016 13:30,America/Los_Angeles,2.883333333,AMBIENT,ambient__APS,APS,
CPCRW,11,sat_II,C11,578.73,,2,Saturation_II_FM_3Soils_20161015,10/15/2016 10:37,10/15/2016 13:30,America/Los_Angeles,2.883333333,SATURATION_INCUBATION,with top cap__APS,APS,
CPCRW,12,sat_II,C12,518.27,,8,Saturation_II_FM_3Soils_20161015,10/15/2016 10:37,10/15/2016 13:30,America/Los_Angeles,2.883333333,SATURATION_INCUBATION,with top cap__APS,APS,
CPCRW,13,sat_II,C13,622.71,,7,Saturation_II_FM_3Soils_20161015,10/15/2016 10:37,10/15/2016 13:30,America/Los_Angeles,2.883333333,SATURATION_INCUBATION,with top cap__APS,APS,
CPCRW,14,sat_II,C14,587.58,,1,Saturation_II_FM_3Soils_20161015,10/15/2016 10:37,10/15/2016 13:30,America/Los_Angeles,2.883333333,SATURATION_INCUBATION,with top cap__APS,APS,
CPCRW,15,sat_II,C15,464.49,,15,Saturation_II_FM_3Soils_20161015,10/15/2016 10:37,10/15/2016 13:30,America/Los_Angeles,2.883333333,SATURATION_INCUBATION,with top cap__APS,APS,
CPCRW,16,field_moist,C16,414.27,,4,Saturation_II_FM_3Soils_20161015,10/15/2016 10:37,10/15/2016 13:30,America/Los_Angeles,2.883333333,FIELD_MOIST_INCUBATION,with top cap__APS,APS,
CPCRW,17,field_moist,C17,397.46,,3,Saturation_II_FM_3Soils_20161015,10/15/2016 10:37,10/15/2016 13:30,America/Los_Angeles,2.883333333,FIELD_MOIST_INCUBATION,with top cap__APS,APS,
CPCRW,18,field_moist,C18,387.01,,5,Saturation_II_FM_3Soils_20161015,10/15/2016 10:37,10/15/2016 13:30,America/Los_Angeles,2.883333333,FIELD_MOIST_INCUBATION,with top cap__APS,APS,
CPCRW,19,field_moist,C19,530.34,,13,Saturation_II_FM_3Soils_20161015,10/15/2016 10:37,10/15/2016 13:30,America/Los_Angeles,2.883333333,FIELD_MOIST_INCUBATION,with top cap__APS,APS,
CPCRW,20,field_moist,C20,518.83,,6,Saturation_II_FM_3Soils_20161015,10/15/2016 10:37,10/15/2016 13:30,America/Los_Angeles,2.883333333,FIELD_MOIST_INCUBATION,with top cap__APS,APS,
CPCRW,NA,ambient,NA,NA,,16,SatII_FM_drought_18Oct2016,10/18/2016 10:03,10/18/2016 16:05,America/Los_Angeles,6.033333333,AMBIENT,ambient__SF,SF  ,
CPCRW,16,field_moist,C16,416.54,,2,SatII_FM_drought_18Oct2016,10/18/2016 10:03,10/18/2016 16:05,America/Los_Angeles,6.033333333,FIELD_MOIST_INCUBATION,FM mass with lid__SF,SF  ,
CPCRW,17,field_moist,C17,403.22,,3,SatII_FM_drought_18Oct2016,10/18/2016 10:03,10/18/2016 16:05,America/Los_Angeles,6.033333333,FIELD_MOIST_INCUBATION,FM mass with lid__SF,SF  ,
CPCRW,18,field_moist,C18,388.55,,4,SatII_FM_drought_18Oct2016,10/18/2016 10:03,10/18/2016 16:05,America/Los_Angeles,6.033333333,FIELD_MOIST_INCUBATION,FM mass with lid__SF,SF  ,
CPCRW,19,field_moist,C19,532.25,,5,SatII_FM_drought_18Oct2016,10/18/2016 10:03,10/18/2016 16:05,America/Los_Angeles,6.033333333,FIELD_MOIST_INCUBATION,FM mass with lid__SF,SF  ,
CPCRW,20,field_moist,C20,520.91,,1,SatII_FM_drought_18Oct2016,10/18/2016 10:03,10/18/2016 16:05,America/Los_Angeles,6.033333333,FIELD_MOIST_INCUBATION,FM mass with lid__SF,SF  ,
CPCRW,11,sat_II,C11,580.34,,15,SatII_FM_drought_18Oct2016,10/18/2016 10:03,10/18/2016 16:05,America/Los_Angeles,6.033333333,SATURATION_INCUBATION,sat mass with lid__SF,SF  ,
CPCRW,12,sat_II,C12,509.98,,6,SatII_FM_drought_18Oct2016,10/18/2016 10:03,10/18/2016 16:05,America/Los_Angeles,6.033333333,SATURATION_INCUBATION,sat mass with lid__SF,SF  ,
CPCRW,13,sat_II,C13,582.83,,13,SatII_FM_drought_18Oct2016,10/18/2016 10:03,10/18/2016 16:05,America/Los_Angeles,6.033333333,SATURATION_INCUBATION,sat mass with lid__SF,SF  ,
CPCRW,14,sat_II,C14,569.8,,8,SatII_FM_drought_18Oct2016,10/18/2016 10:03,10/18/2016 16:05,America/Los_Angeles,6.033333333,SATURATION_INCUBATION,sat mass with lid__SF,SF  ,
CPCRW,15,sat_II,C15,477.32,,7,SatII_FM_drought_18Oct2016,10/18/2016 10:03,10/18/2016 16:05,America/Los_Angeles,6.033333333,SATURATION_INCUBATION,sat mass with lid__SF,SF  ,
CPCRW,21,drought,C21,538.38,,12,SatII_FM_drought_18Oct2016,10/18/2016 10:03,10/18/2016 16:05,America/Los_Angeles,6.033333333,DROUGHT_PRE_INCUBATION,cores moved to 20˚C__SF,SF  ,
CPCRW,22,drought,C22,405.49,,10,SatII_FM_drought_18Oct2016,10/18/2016 10:03,10/18/2016 16:05,America/Los_Angeles,6.033333333,DROUGHT_PRE_INCUBATION,cores moved to 20˚C__SF,SF  ,
CPCRW,23,drought,C23,348.82,,9,SatII_FM_drought_18Oct2016,10/18/2016 10:03,10/18/2016 16:05,America/Los_Angeles,6.033333333,DROUGHT_PRE_INCUBATION,cores moved to 20˚C__SF,SF  ,
CPCRW,24,drought,C24,368.14,,14,SatII_FM_drought_18Oct2016,10/18/2016 10:03,10/18/2016 16:05,America/Los_Angeles,6.033333333,DROUGHT_PRE_INCUBATION,cores moved to 20˚C__SF,SF  ,
CPCRW,25,drought,C25,359.94,,11,SatII_FM_drought_18Oct2016,10/18/2016 10:03,10/18/2016 16:05,America/Los_Angeles,6.033333333,DROUGHT_PRE_INCUBATION,cores moved to 20˚C__SF,SF  ,
CPCRW,NA,ambient,NA,NA,,16,SatII_FM_drought_18Oct2016,10/20/2016 10:37,10/20/2016 16:05,America/Los_Angeles,5.466666667,AMBIENT,ambient__SF,SF  ,
CPCRW,16,field_moist,C16,416.21,,15,SatII_FM_drought_18Oct2016,10/20/2016 10:37,10/20/2016 16:05,America/Los_Angeles,5.466666667,FIELD_MOIST_INCUBATION,FM mass with lid__SF,SF  ,
CPCRW,17,field_moist,C17,403.85,,9,SatII_FM_drought_18Oct2016,10/20/2016 10:37,10/20/2016 16:05,America/Los_Angeles,5.466666667,FIELD_MOIST_INCUBATION,FM mass with lid__SF,SF  ,
CPCRW,18,field_moist,C18,390.26,,13,SatII_FM_drought_18Oct2016,10/20/2016 10:37,10/20/2016 16:05,America/Los_Angeles,5.466666667,FIELD_MOIST_INCUBATION,FM mass with lid__SF,SF  ,
CPCRW,19,field_moist,C19,532.99,,14,SatII_FM_drought_18Oct2016,10/20/2016 10:37,10/20/2016 16:05,America/Los_Angeles,5.466666667,FIELD_MOIST_INCUBATION,FM mass with lid__SF,SF  ,
CPCRW,20,field_moist,C20,522.23,,12,SatII_FM_drought_18Oct2016,10/20/2016 10:37,10/20/2016 16:05,America/Los_Angeles,5.466666667,FIELD_MOIST_INCUBATION,FM mass with lid__SF,SF  ,
CPCRW,11,sat_II,C11,547.92,,6,SatII_FM_drought_18Oct2016,10/20/2016 10:37,10/20/2016 16:05,America/Los_Angeles,5.466666667,SATURATION_INCUBATION,sat mass with lid__SF,SF  ,
CPCRW,12,sat_II,C12,521.67,,2,SatII_FM_drought_18Oct2016,10/20/2016 10:37,10/20/2016 16:05,America/Los_Angeles,5.466666667,SATURATION_INCUBATION,"sat mass with lid, problem core, check water level daily__SF",SF  ,
CPCRW,13,sat_II,C13,588.08,,7,SatII_FM_drought_18Oct2016,10/20/2016 10:37,10/20/2016 16:05,America/Los_Angeles,5.466666667,SATURATION_INCUBATION,sat mass with lid__SF,SF  ,
CPCRW,14,sat_II,C14,568.04,,10,SatII_FM_drought_18Oct2016,10/20/2016 10:37,10/20/2016 16:05,America/Los_Angeles,5.466666667,SATURATION_INCUBATION,sat mass with lid__SF,SF  ,
CPCRW,15,sat_II,C15,461.1,,11,SatII_FM_drought_18Oct2016,10/20/2016 10:37,10/20/2016 16:05,America/Los_Angeles,5.466666667,SATURATION_INCUBATION,sat mass with lid__SF,SF  ,
CPCRW,21,drought,C21,530.29,,8,SatII_FM_drought_18Oct2016,10/20/2016 10:37,10/20/2016 16:05,America/Los_Angeles,5.466666667,DROUGHT_PRE_INCUBATION,dr mass no lid__SF,SF  ,
CPCRW,22,drought,C22,397.1,,5,SatII_FM_drought_18Oct2016,10/20/2016 10:37,10/20/2016 16:05,America/Los_Angeles,5.466666667,DROUGHT_PRE_INCUBATION,dr mass no lid__SF,SF  ,
CPCRW,23,drought,C23,344.15,,4,SatII_FM_drought_18Oct2016,10/20/2016 10:37,10/20/2016 16:05,America/Los_Angeles,5.466666667,DROUGHT_PRE_INCUBATION,dr mass no lid__SF,SF  ,
CPCRW,24,drought,C24,361.62,,1,SatII_FM_drought_18Oct2016,10/20/2016 10:37,10/20/2016 16:05,America/Los_Angeles,5.466666667,DROUGHT_PRE_INCUBATION,dr mass no lid__SF,SF  ,
CPCRW,25,drought,C25,355.2,,3,SatII_FM_drought_18Oct2016,10/20/2016 10:37,10/20/2016 16:05,America/Los_Angeles,5.466666667,DROUGHT_PRE_INCUBATION,dr mass no lid__SF,SF  ,
CPCRW,NA,ambient,NA,NA,,16,SatII_FM_drought_18Oct2016,10/25/2016 11:12,10/25/2016 18:05,America/Los_Angeles,6.883333333,AMBIENT,ambient__SF,SF  ,
CPCRW,16,field_moist,C16,422.51,,5,SatII_FM_drought_18Oct2016,10/25/2016 11:12,10/25/2016 18:05,America/Los_Angeles,6.883333333,FIELD_MOIST_INCUBATION,Mass includes lid or no lid?__SF,SF  ,
CPCRW,17,field_moist,C17,418.03,,6,SatII_FM_drought_18Oct2016,10/25/2016 11:12,10/25/2016 18:05,America/Los_Angeles,6.883333333,FIELD_MOIST_INCUBATION,Mass includes lid or no lid?__SF,SF  ,
CPCRW,18,field_moist,C18,390.15,,13,SatII_FM_drought_18Oct2016,10/25/2016 11:12,10/25/2016 18:05,America/Los_Angeles,6.883333333,FIELD_MOIST_INCUBATION,Mass includes lid or no lid?__SF,SF  ,
CPCRW,19,field_moist,C19,532.98,,11,SatII_FM_drought_18Oct2016,10/25/2016 11:12,10/25/2016 18:05,America/Los_Angeles,6.883333333,FIELD_MOIST_INCUBATION,Mass includes lid or no lid?__SF,SF  ,
CPCRW,20,field_moist,C20,521.3,,10,SatII_FM_drought_18Oct2016,10/25/2016 11:12,10/25/2016 18:05,America/Los_Angeles,6.883333333,FIELD_MOIST_INCUBATION,Mass includes lid or no lid?__SF,SF  ,
CPCRW,11,sat_II,C11,550.49,,8,SatII_FM_drought_18Oct2016,10/25/2016 11:12,10/25/2016 18:05,America/Los_Angeles,6.883333333,SATURATION_INCUBATION,sat mass with lid__SF,SF  ,
CPCRW,12,sat_II,C12,530.62,,7,SatII_FM_drought_18Oct2016,10/25/2016 11:12,10/25/2016 18:05,America/Los_Angeles,6.883333333,SATURATION_INCUBATION,sat mass with lid__SF,SF  ,
CPCRW,13,sat_II,C13,585.54,,12,SatII_FM_drought_18Oct2016,10/25/2016 11:12,10/25/2016 18:05,America/Los_Angeles,6.883333333,SATURATION_INCUBATION,sat mass with lid__SF,SF  ,
CPCRW,14,sat_II,C14,585.79,,4,SatII_FM_drought_18Oct2016,10/25/2016 11:12,10/25/2016 18:05,America/Los_Angeles,6.883333333,SATURATION_INCUBATION,sat mass with lid__SF,SF  ,
CPCRW,15,sat_II,C15,458.48,,1,SatII_FM_drought_18Oct2016,10/25/2016 11:12,10/25/2016 18:05,America/Los_Angeles,6.883333333,SATURATION_INCUBATION,sat mass with lid__SF,SF  ,
CPCRW,21,drought,C21,516.69,,3,SatII_FM_drought_18Oct2016,10/25/2016 11:12,10/25/2016 18:05,America/Los_Angeles,6.883333333,DROUGHT_PRE_INCUBATION,dr mass no lid__SF,SF  ,
CPCRW,22,drought,C22,384.9,,2,SatII_FM_drought_18Oct2016,10/25/2016 11:12,10/25/2016 18:05,America/Los_Angeles,6.883333333,DROUGHT_PRE_INCUBATION,dr mass no lid__SF,SF  ,
CPCRW,23,drought,C23,336.9,,14,SatII_FM_drought_18Oct2016,10/25/2016 11:12,10/25/2016 18:05,America/Los_Angeles,6.883333333,DROUGHT_PRE_INCUBATION,dr mass no lid__SF,SF  ,
CPCRW,24,drought,C24,349.06,,9,SatII_FM_drought_18Oct2016,10/25/2016 11:12,10/25/2016 18:05,America/Los_Angeles,6.883333333,DROUGHT_PRE_INCUBATION,dr mass no lid__SF,SF  ,
CPCRW,25,drought,C25,349.77,,15,SatII_FM_drought_18Oct2016,10/25/2016 11:12,10/25/2016 18:05,America/Los_Angeles,6.883333333,DROUGHT_PRE_INCUBATION,dr mass no lid__SF,SF  ,
CPCRW,NA,ambient,NA,NA,,16,SatII_FM_drought_18Oct2016,10/27/2016 10:52,10/27/2016 16:05,America/Los_Angeles,5.216666667,AMBIENT,ambient__SF,SF  ,
CPCRW,16,field_moist,C16,422.1,,6,SatII_FM_drought_18Oct2016,10/27/2016 10:52,10/27/2016 16:05,America/Los_Angeles,5.216666667,FIELD_MOIST_INCUBATION,Mass includes lid or no lid?__SF,SF  ,
CPCRW,17,field_moist,C17,417.37,,7,SatII_FM_drought_18Oct2016,10/27/2016 10:52,10/27/2016 16:05,America/Los_Angeles,5.216666667,FIELD_MOIST_INCUBATION,Mass includes lid or no lid?__SF,SF  ,
CPCRW,18,field_moist,C18,391.2,,4,SatII_FM_drought_18Oct2016,10/27/2016 10:52,10/27/2016 16:05,America/Los_Angeles,5.216666667,FIELD_MOIST_INCUBATION,Mass includes lid or no lid?__SF,SF  ,
CPCRW,19,field_moist,C19,534.74,,10,SatII_FM_drought_18Oct2016,10/27/2016 10:52,10/27/2016 16:05,America/Los_Angeles,5.216666667,FIELD_MOIST_INCUBATION,Mass includes lid or no lid?__SF,SF  ,
CPCRW,20,field_moist,C20,523.18,,13,SatII_FM_drought_18Oct2016,10/27/2016 10:52,10/27/2016 16:05,America/Los_Angeles,5.216666667,FIELD_MOIST_INCUBATION,Mass includes lid or no lid?__SF,SF  ,
CPCRW,11,sat_II,C11,547.81,,3,SatII_FM_drought_18Oct2016,10/27/2016 10:52,10/27/2016 16:05,America/Los_Angeles,5.216666667,SATURATION_INCUBATION,Mass includes lid or no lid?__SF,SF  ,
CPCRW,12,sat_II,C12,533.41,,9,SatII_FM_drought_18Oct2016,10/27/2016 10:52,10/27/2016 16:05,America/Los_Angeles,5.216666667,SATURATION_INCUBATION,Mass includes lid or no lid?__SF,SF  ,
CPCRW,13,sat_II,C13,587.19,,15,SatII_FM_drought_18Oct2016,10/27/2016 10:52,10/27/2016 16:05,America/Los_Angeles,5.216666667,SATURATION_INCUBATION,Mass includes lid or no lid?__SF,SF  ,
CPCRW,14,sat_II,C14,586.52,,12,SatII_FM_drought_18Oct2016,10/27/2016 10:52,10/27/2016 16:05,America/Los_Angeles,5.216666667,SATURATION_INCUBATION,Mass includes lid or no lid?__SF,SF  ,
CPCRW,15,sat_II,C15,463.35,,11,SatII_FM_drought_18Oct2016,10/27/2016 10:52,10/27/2016 16:05,America/Los_Angeles,5.216666667,SATURATION_INCUBATION,Mass includes lid or no lid?__SF,SF  ,
CPCRW,21,drought,C21,511.23,,5,SatII_FM_drought_18Oct2016,10/27/2016 10:52,10/27/2016 16:05,America/Los_Angeles,5.216666667,DROUGHT_PRE_INCUBATION,Mass includes lid or no lid?__SF,SF  ,
CPCRW,22,drought,C22,380.64,,8,SatII_FM_drought_18Oct2016,10/27/2016 10:52,10/27/2016 16:05,America/Los_Angeles,5.216666667,DROUGHT_PRE_INCUBATION,Mass includes lid or no lid?__SF,SF  ,
CPCRW,23,drought,C23,335.38,,2,SatII_FM_drought_18Oct2016,10/27/2016 10:52,10/27/2016 16:05,America/Los_Angeles,5.216666667,DROUGHT_PRE_INCUBATION,Mass includes lid or no lid?__SF,SF  ,
CPCRW,24,drought,C24,344.95,,14,SatII_FM_drought_18Oct2016,10/27/2016 10:52,10/27/2016 16:05,America/Los_Angeles,5.216666667,DROUGHT_PRE_INCUBATION,Mass includes lid or no lid?__SF,SF  ,
CPCRW,25,drought,C25,348.55,,1,SatII_FM_drought_18Oct2016,10/27/2016 10:52,10/27/2016 16:05,America/Los_Angeles,5.216666667,DROUGHT_PRE_INCUBATION,Mass includes lid or no lid?__SF,SF  ,
CPCRW,NA,ambient,NA,NA,,16,SatII_FM_drought_18Oct2016,11/1/2016 10:44,11/1/2016 16:05,America/Los_Angeles,5.35,AMBIENT,ambient__SF,SF  ,
CPCRW,16,field_moist,C16,420.78,,4,SatII_FM_drought_18Oct2016,11/1/2016 10:44,11/1/2016 16:05,America/Los_Angeles,5.35,FIELD_MOIST_INCUBATION,__SF,SF  ,
CPCRW,17,field_moist,C17,415.88,,1,SatII_FM_drought_18Oct2016,11/1/2016 10:44,11/1/2016 16:05,America/Los_Angeles,5.35,FIELD_MOIST_INCUBATION,__SF,SF  ,
CPCRW,18,field_moist,C18,391.39,,2,SatII_FM_drought_18Oct2016,11/1/2016 10:44,11/1/2016 16:05,America/Los_Angeles,5.35,FIELD_MOIST_INCUBATION,__SF,SF  ,
CPCRW,19,field_moist,C19,533.42,,8,SatII_FM_drought_18Oct2016,11/1/2016 10:44,11/1/2016 16:05,America/Los_Angeles,5.35,FIELD_MOIST_INCUBATION,__SF,SF  ,
CPCRW,20,field_moist,C20,523.32,,6,SatII_FM_drought_18Oct2016,11/1/2016 10:44,11/1/2016 16:05,America/Los_Angeles,5.35,FIELD_MOIST_INCUBATION,__SF,SF  ,
CPCRW,11,sat_II,C11,577.11,,13,SatII_FM_drought_18Oct2016,11/1/2016 10:44,11/1/2016 16:05,America/Los_Angeles,5.35,SATURATION_INCUBATION,__SF,SF  ,
CPCRW,12,sat_II,C12,551.87,,14,SatII_FM_drought_18Oct2016,11/1/2016 10:44,11/1/2016 16:05,America/Los_Angeles,5.35,SATURATION_INCUBATION,__SF,SF  ,
CPCRW,13,sat_II,C13,596.59,,12,SatII_FM_drought_18Oct2016,11/1/2016 10:44,11/1/2016 16:05,America/Los_Angeles,5.35,SATURATION_INCUBATION,__SF,SF  ,
CPCRW,14,sat_II,C14,599.05,,15,SatII_FM_drought_18Oct2016,11/1/2016 10:44,11/1/2016 16:05,America/Los_Angeles,5.35,SATURATION_INCUBATION,__SF,SF  ,
CPCRW,15,sat_II,C15,484.14,,5,SatII_FM_drought_18Oct2016,11/1/2016 10:44,11/1/2016 16:05,America/Los_Angeles,5.35,SATURATION_INCUBATION,__SF,SF  ,
CPCRW,21,drought,C21,497.08,,3,SatII_FM_drought_18Oct2016,11/1/2016 10:44,11/1/2016 16:05,America/Los_Angeles,5.35,DROUGHT_PRE_INCUBATION,__SF,SF  ,
CPCRW,22,drought,C22,367.66,,9,SatII_FM_drought_18Oct2016,11/1/2016 10:44,11/1/2016 16:05,America/Los_Angeles,5.35,DROUGHT_PRE_INCUBATION,__SF,SF  ,
CPCRW,23,drought,C23,332.01,,7,SatII_FM_drought_18Oct2016,11/1/2016 10:44,11/1/2016 16:05,America/Los_Angeles,5.35,DROUGHT_PRE_INCUBATION,__SF,SF  ,
CPCRW,24,drought,C24,334.01,,10,SatII_FM_drought_18Oct2016,11/1/2016 10:44,11/1/2016 16:05,America/Los_Angeles,5.35,DROUGHT_PRE_INCUBATION,__SF,SF  ,
CPCRW,25,drought,C25,345.65,,11,SatII_FM_drought_18Oct2016,11/1/2016 10:44,11/1/2016 16:05,America/Los_Angeles,5.35,DROUGHT_PRE_INCUBATION,__SF,SF  ,
CPCRW,16,field_moist,C16,420.15,,2,SatII_FM_drought_18Oct2016,11/3/2016 10:50,11/3/2016 16:05,America/Los_Angeles,5.25,FIELD_MOIST_INCUBATION,__SF,SF  ,
CPCRW,17,field_moist,C17,415.23,,9,SatII_FM_drought_18Oct2016,11/3/2016 10:50,11/3/2016 16:05,America/Los_Angeles,5.25,FIELD_MOIST_INCUBATION,__SF,SF  ,
CPCRW,18,field_moist,C18,390.88,,12,SatII_FM_drought_18Oct2016,11/3/2016 10:50,11/3/2016 16:05,America/Los_Angeles,5.25,FIELD_MOIST_INCUBATION,__SF,SF  ,
CPCRW,19,field_moist,C19,532.81,,13,SatII_FM_drought_18Oct2016,11/3/2016 10:50,11/3/2016 16:05,America/Los_Angeles,5.25,FIELD_MOIST_INCUBATION,__SF,SF  ,
CPCRW,20,field_moist,C20,522.75,,7,SatII_FM_drought_18Oct2016,11/3/2016 10:50,11/3/2016 16:05,America/Los_Angeles,5.25,FIELD_MOIST_INCUBATION,__SF,SF  ,
CPCRW,11,sat_II,C11,537.99,,1,SatII_FM_drought_18Oct2016,11/3/2016 10:50,11/3/2016 16:05,America/Los_Angeles,5.25,SATURATION_INCUBATION,__SF,SF  ,
CPCRW,12,sat_II,C12,538.29,,11,SatII_FM_drought_18Oct2016,11/3/2016 10:50,11/3/2016 16:05,America/Los_Angeles,5.25,SATURATION_INCUBATION,__SF,SF  ,
CPCRW,13,sat_II,C13,602.44,,15,SatII_FM_drought_18Oct2016,11/3/2016 10:50,11/3/2016 16:05,America/Los_Angeles,5.25,SATURATION_INCUBATION,__SF,SF  ,
CPCRW,14,sat_II,C14,595.4,,8,SatII_FM_drought_18Oct2016,11/3/2016 10:50,11/3/2016 16:05,America/Los_Angeles,5.25,SATURATION_INCUBATION,__SF,SF  ,
CPCRW,15,sat_II,C15,512.22,,5,SatII_FM_drought_18Oct2016,11/3/2016 10:50,11/3/2016 16:05,America/Los_Angeles,5.25,SATURATION_INCUBATION,__SF,SF  ,
CPCRW,21,drought,C21,493.97,,3,SatII_FM_drought_18Oct2016,11/3/2016 10:50,11/3/2016 16:05,America/Los_Angeles,5.25,DROUGHT_PRE_INCUBATION,__SF,SF  ,
CPCRW,22,drought,C22,363.46,,4,SatII_FM_drought_18Oct2016,11/3/2016 10:50,11/3/2016 16:05,America/Los_Angeles,5.25,DROUGHT_PRE_INCUBATION,__SF,SF  ,
CPCRW,23,drought,C23,330.91,,10,SatII_FM_drought_18Oct2016,11/3/2016 10:50,11/3/2016 16:05,America/Los_Angeles,5.25,DROUGHT_PRE_INCUBATION,__SF,SF  ,
CPCRW,24,drought,C24,329.78,,14,SatII_FM_drought_18Oct2016,11/3/2016 10:50,11/3/2016 16:05,America/Los_Angeles,5.25,DROUGHT_PRE_INCUBATION,__SF,SF  ,
CPCRW,25,drought,C25,345.06,,6,SatII_FM_drought_18Oct2016,11/3/2016 10:50,11/3/2016 16:05,America/Los_Angeles,5.25,DROUGHT_PRE_INCUBATION,__SF,SF  ,
CPCRW,NA,ambient,NA,NA,,16,,11/8/2016 9:06,11/8/2016 16:05,America/Los_Angeles,6.983333333,AMBIENT,,,
CPCRW,11,sat_II,C11,564.62,,4,,11/8/2016 9:06,11/8/2016 16:05,America/Los_Angeles,6.983333333,SATURATION_INCUBATION,,,
CPCRW,12,sat_II,C12,533.46,,1,,11/8/2016 9:06,11/8/2016 16:05,America/Los_Angeles,6.983333333,SATURATION_INCUBATION,,,
CPCRW,13,sat_II,C13,613.52,,7,,11/8/2016 9:06,11/8/2016 16:05,America/Los_Angeles,6.983333333,SATURATION_INCUBATION,,,
CPCRW,14,sat_II,C14,585.31,,10,,11/8/2016 9:06,11/8/2016 16:05,America/Los_Angeles,6.983333333,SATURATION_INCUBATION,,,
CPCRW,15,sat_II,C15,497.86,,11,,11/8/2016 9:06,11/8/2016 16:05,America/Los_Angeles,6.983333333,SATURATION_INCUBATION,,,
CPCRW,16,field_moist,C16,419.76,,14,,11/8/2016 9:06,11/8/2016 16:05,America/Los_Angeles,6.983333333,FIELD_MOIST_INCUBATION,,,
CPCRW,17,field_moist,C17,413.93,,13,,11/8/2016 9:06,11/8/2016 16:05,America/Los_Angeles,6.983333333,FIELD_MOIST_INCUBATION,,,
CPCRW,18,field_moist,C18,395.03,,9,,11/8/2016 9:06,11/8/2016 16:05,America/Los_Angeles,6.983333333,FIELD_MOIST_INCUBATION,,,
CPCRW,19,field_moist,C19,534.63,,2,,11/8/2016 9:06,11/8/2016 16:05,America/Los_Angeles,6.983333333,FIELD_MOIST_INCUBATION,,,
CPCRW,20,field_moist,C20,523.54,,6,,11/8/2016 9:06,11/8/2016 16:05,America/Los_Angeles,6.983333333,FIELD_MOIST_INCUBATION,,,
CPCRW,21,drought,C21,489.62,,5,,11/8/2016 9:06,11/8/2016 16:05,America/Los_Angeles,6.983333333,DROUGHT_INCUBATION,,,
CPCRW,21,drought,C21,357.14,,15,,11/10/2016 10:06,11/10/2016 16:05,America/Los_Angeles,5.983333333,DROUGHT_INCUBATION,,,
CPCRW,21,drought,C21,330.05,,15,Sat_II_FM_10Nov2016,11/14/2016 10:22,11/14/2016 18:05,America/Los_Angeles,7.716666667,DROUGHT_INCUBATION,,,
CPCRW,21,drought,C21,324.75,,14,Sat_I,11/17/2016 12:50,11/17/2016 23:05,America/Los_Angeles,10.25,DROUGHT_INCUBATION,,,
CPCRW,21,drought,C21,344.57,,NO VALVE,Sat_I,11/29/2016 13:16,11/29/2016 20:05,America/Los_Angeles,6.816666667,DROUGHT_INCUBATION,,,YES
CPCRW,NA,ambient,NA,NA,,16,,11/10/2016 10:06,11/10/2016 16:05,America/Los_Angeles,5.983333333,AMBIENT,,,
CPCRW,11,sat_II,C11,555.76,,12,,11/10/2016 10:06,11/10/2016 16:05,America/Los_Angeles,5.983333333,SATURATION_INCUBATION,,,
CPCRW,12,sat_II,C12,519.81,,8,,11/10/2016 10:06,11/10/2016 16:05,America/Los_Angeles,5.983333333,SATURATION_INCUBATION,,,
CPCRW,13,sat_II,C13,585.24,,1,,11/10/2016 10:06,11/10/2016 16:05,America/Los_Angeles,5.983333333,SATURATION_INCUBATION,,,
CPCRW,14,sat_II,C14,581.13,,5,,11/10/2016 10:06,11/10/2016 16:05,America/Los_Angeles,5.983333333,SATURATION_INCUBATION,,,
CPCRW,15,sat_II,C15,485.49,,3,,11/10/2016 10:06,11/10/2016 16:05,America/Los_Angeles,5.983333333,SATURATION_INCUBATION,,,
CPCRW,16,field_moist,C16,419.29,,6,,11/10/2016 10:06,11/10/2016 16:05,America/Los_Angeles,5.983333333,FIELD_MOIST_INCUBATION,,,
CPCRW,17,field_moist,C17,413.48,,4,,11/10/2016 10:06,11/10/2016 16:05,America/Los_Angeles,5.983333333,FIELD_MOIST_INCUBATION,,,
CPCRW,18,field_moist,C18,391.32,,11,,11/10/2016 10:06,11/10/2016 16:05,America/Los_Angeles,5.983333333,FIELD_MOIST_INCUBATION,,,
CPCRW,19,field_moist,C19,534.2,,14,,11/10/2016 10:06,11/10/2016 16:05,America/Los_Angeles,5.983333333,FIELD_MOIST_INCUBATION,,,
CPCRW,20,field_moist,C20,523.05,,2,,11/10/2016 10:06,11/10/2016 16:05,America/Los_Angeles,5.983333333,FIELD_MOIST_INCUBATION,,,
CPCRW,21,drought,C21,489.01,,7,Sat_I,12/2/2016 17:31,12/2/2016 23:05,America/Los_Angeles,5.566666667,DROUGHT_INCUBATION,,,
CPCRW,22,drought,C22,356.33,,3,,11/8/2016 9:06,11/8/2016 16:05,America/Los_Angeles,6.983333333,DROUGHT_INCUBATION,,,
CPCRW,22,drought,C22,330.09,,13,,11/10/2016 10:06,11/10/2016 16:05,America/Los_Angeles,5.983333333,DROUGHT_INCUBATION,,,
CPCRW,22,drought,C22,324.3,,8,Sat_II_FM_10Nov2016,11/14/2016 10:22,11/14/2016 18:05,America/Los_Angeles,7.716666667,DROUGHT_INCUBATION,,,
CPCRW,22,drought,C22,344.62,,9,Sat_I,11/17/2016 12:50,11/17/2016 23:05,America/Los_Angeles,10.25,DROUGHT_INCUBATION,,,
CPCRW,16,field_moist,C16,566.41,10,1,Sat_II_FM_10Nov2016,11/10/2016 14:44,11/10/2016 23:05,America/Los_Angeles,8.35,FIELD_MOIST_SATURATION,,,
CPCRW,17,field_moist,C17,481.45,10,12,Sat_II_FM_10Nov2016,11/10/2016 14:44,11/10/2016 23:05,America/Los_Angeles,8.35,FIELD_MOIST_SATURATION,,,
CPCRW,18,field_moist,C18,522.85,10,14,Sat_II_FM_10Nov2016,11/10/2016 14:44,11/10/2016 23:05,America/Los_Angeles,8.35,FIELD_MOIST_SATURATION,,,
CPCRW,19,field_moist,C19,617.92,10,10,Sat_II_FM_10Nov2016,11/10/2016 14:44,11/10/2016 23:05,America/Los_Angeles,8.35,FIELD_MOIST_SATURATION,,,
CPCRW,20,field_moist,C20,616.14,10,9,Sat_II_FM_10Nov2016,11/10/2016 14:44,11/10/2016 23:05,America/Los_Angeles,8.35,FIELD_MOIST_SATURATION,,,
SR,7,sat_II,S7,428.1,10,3,Sat_II_FM_10Nov2016,11/10/2016 14:44,11/10/2016 23:05,America/Los_Angeles,8.35,SATURATION_SATURATION,,,
SR,3,sat_II,S3,427.83,10,11,Sat_II_FM_10Nov2016,11/10/2016 14:44,11/10/2016 23:05,America/Los_Angeles,8.35,SATURATION_SATURATION,,,
SR,2,sat_II,S2,424.18,10,7,Sat_II_FM_10Nov2016,11/10/2016 14:44,11/10/2016 23:05,America/Los_Angeles,8.35,SATURATION_SATURATION,,,
SR,24,sat_II,S24,435.13,10,13,Sat_II_FM_10Nov2016,11/10/2016 14:44,11/10/2016 23:05,America/Los_Angeles,8.35,SATURATION_SATURATION,,,
SR,18,sat_II,S18,404.61,10,15,Sat_II_FM_10Nov2016,11/10/2016 14:44,11/10/2016 23:05,America/Los_Angeles,8.35,SATURATION_SATURATION,,,
SR,21,field_moist,S21,346.37,,11,SecretRiver_FM_11thNov,11/11/2016 12:12,11/11/2016 20:05,America/Los_Angeles,7.883333333,FIELD_MOIST_INCUBATION,,,
SR,13,field_moist,S13,398.97,,3,SecretRiver_FM_11thNov,11/11/2016 12:12,11/11/2016 20:05,America/Los_Angeles,7.883333333,FIELD_MOIST_INCUBATION,,,
SR,19,field_moist,S19,361.47,,6,SecretRiver_FM_11thNov,11/11/2016 12:12,11/11/2016 20:05,America/Los_Angeles,7.883333333,FIELD_MOIST_INCUBATION,,,
SR,15,field_moist,S15,417.39,,15,SecretRiver_FM_11thNov,11/11/2016 12:12,11/11/2016 20:05,America/Los_Angeles,7.883333333,FIELD_MOIST_INCUBATION,,,
SR,1,field_moist,S1,379.66,,13,SecretRiver_FM_11thNov,11/11/2016 12:12,11/11/2016 20:05,America/Los_Angeles,7.883333333,FIELD_MOIST_INCUBATION,,,
SR,AMB,NA,NA,NA,,16,Sat_II_FM_10Nov2016,11/14/2016 10:22,11/14/2016 18:05,America/Los_Angeles,7.716666667,AMBIENT,,,
SR,15,field_moist,S15,413.94,,9,Sat_II_FM_10Nov2016,11/14/2016 10:22,11/14/2016 18:05,America/Los_Angeles,7.716666667,FIELD_MOIST_INCUBATION,,,
SR,21,field_moist,S21,343.06,,14,Sat_II_FM_10Nov2016,11/14/2016 10:22,11/14/2016 18:05,America/Los_Angeles,7.716666667,FIELD_MOIST_INCUBATION,,,
SR,13,field_moist,S13,398.25,,7,Sat_II_FM_10Nov2016,11/14/2016 10:22,11/14/2016 18:05,America/Los_Angeles,7.716666667,FIELD_MOIST_INCUBATION,,,
SR,18,sat_II,S18,431.56,,13,Sat_II_FM_10Nov2016,11/14/2016 10:22,11/14/2016 18:05,America/Los_Angeles,7.716666667,SATURATION_INCUBATION,,,
SR,24,sat_II,S24,451.76,,12,Sat_II_FM_10Nov2016,11/14/2016 10:22,11/14/2016 18:05,America/Los_Angeles,7.716666667,SATURATION_INCUBATION,,,
SR,7,sat_II,S7,429.66,,3,Sat_II_FM_10Nov2016,11/14/2016 10:22,11/14/2016 18:05,America/Los_Angeles,7.716666667,SATURATION_INCUBATION,,,
SR,3,sat_II,S3,461.22,,11,Sat_II_FM_10Nov2016,11/14/2016 10:22,11/14/2016 18:05,America/Los_Angeles,7.716666667,SATURATION_INCUBATION,,,
SR,2,sat_II,S2,451.09,,6,Sat_II_FM_10Nov2016,11/14/2016 10:22,11/14/2016 18:05,America/Los_Angeles,7.716666667,SATURATION_INCUBATION,,,
SR,19,field_moist,S19,358.83,,1,Sat_II_FM_10Nov2016,11/14/2016 10:22,11/14/2016 18:05,America/Los_Angeles,7.716666667,FIELD_MOIST_INCUBATION,,,
SR,1,field_moist,S1,379.9,,2,Sat_II_FM_10Nov2016,11/14/2016 10:22,11/14/2016 18:05,America/Los_Angeles,7.716666667,FIELD_MOIST_INCUBATION,,,
CPCRW,22,drought,C22,488.44,,NO VALVE,Sat_I,11/29/2016 13:16,11/29/2016 20:05,America/Los_Angeles,6.816666667,DROUGHT_INCUBATION,,,
CPCRW,22,drought,C22,355.83,,5,Sat_I,12/2/2016 17:31,12/2/2016 23:05,America/Los_Angeles,5.566666667,DROUGHT_INCUBATION,,,
CPCRW,23,drought,C23,330.05,,12,,11/8/2016 9:06,11/8/2016 16:05,America/Los_Angeles,6.983333333,DROUGHT_INCUBATION,,,
CPCRW,23,drought,C23,323.96,,9,,11/10/2016 10:06,11/10/2016 16:05,America/Los_Angeles,5.983333333,DROUGHT_INCUBATION,,,
CPCRW,23,drought,C23,344.57,,5,Sat_II_FM_10Nov2016,11/14/2016 10:22,11/14/2016 18:05,America/Los_Angeles,7.716666667,DROUGHT_INCUBATION,,,
SR,23,sat_I,S23,428.82,10,9,SatII_FM_drought_18Oct2016,11/14/2016 15:41,11/14/2016 23:05,America/Los_Angeles,7.4,IMMEDIATE_SATURATION,,,
SR,17,sat_I,S17,414.53,10,14,SatII_FM_drought_18Oct2016,11/14/2016 15:41,11/14/2016 23:05,America/Los_Angeles,7.4,IMMEDIATE_SATURATION,,,
SR,16,sat_I,S16,388.13,10,13,SatII_FM_drought_18Oct2016,11/14/2016 15:41,11/14/2016 23:05,America/Los_Angeles,7.4,IMMEDIATE_SATURATION,,,
SR,11,sat_I,S11,396.72,10,11,SatII_FM_drought_18Oct2016,11/14/2016 15:41,11/14/2016 23:05,America/Los_Angeles,7.4,IMMEDIATE_SATURATION,,,
SR,9,sat_I,S9,449.4,10,12,SatII_FM_drought_18Oct2016,11/14/2016 15:41,11/14/2016 23:05,America/Los_Angeles,7.4,IMMEDIATE_SATURATION,,,
SR,7,sat_II,S7,428.39,,10,SatII_FM_drought_18Oct2016,11/17/2016 10:35,11/17/2016 16:55,America/Los_Angeles,6.333333333,SATURATION_INCUBATION,No time recorded,,
SR,3,sat_II,S3,447.13,,11,SatII_FM_drought_18Oct2016,11/17/2016 10:35,11/17/2016 16:55,America/Los_Angeles,6.333333333,SATURATION_INCUBATION,No time recorded,,
SR,2,sat_II,S2,427.29,,12,SatII_FM_drought_18Oct2016,11/17/2016 10:35,11/17/2016 16:55,America/Los_Angeles,6.333333333,SATURATION_INCUBATION,No time recorded,,
SR,24,sat_II,S24,416.24,,13,SatII_FM_drought_18Oct2016,11/17/2016 10:35,11/17/2016 16:55,America/Los_Angeles,6.333333333,SATURATION_INCUBATION,No time recorded,,
SR,18,sat_II,S18,428.26,,1,SatII_FM_drought_18Oct2016,11/17/2016 10:35,11/17/2016 16:55,America/Los_Angeles,6.333333333,SATURATION_INCUBATION,No time recorded,,
SR,15,field_moist,S15,413.01,,15,SatII_FM_drought_18Oct2016,11/17/2016 10:35,11/17/2016 16:55,America/Los_Angeles,6.333333333,FIELD_MOIST_INCUBATION,No time recorded,,
SR,21,field_moist,S21,344.48,,2,SatII_FM_drought_18Oct2016,11/17/2016 10:35,11/17/2016 16:55,America/Los_Angeles,6.333333333,FIELD_MOIST_INCUBATION,No time recorded,,
SR,13,field_moist,S13,390.75,,4,SatII_FM_drought_18Oct2016,11/17/2016 10:35,11/17/2016 16:55,America/Los_Angeles,6.333333333,FIELD_MOIST_INCUBATION,No time recorded,,
SR,19,field_moist,S19,359.46,,5,SatII_FM_drought_18Oct2016,11/17/2016 10:35,11/17/2016 16:55,America/Los_Angeles,6.333333333,FIELD_MOIST_INCUBATION,No time recorded,,
SR,1,field_moist,S1,381.38,,6,SatII_FM_drought_18Oct2016,11/17/2016 10:35,11/17/2016 16:55,America/Los_Angeles,6.333333333,FIELD_MOIST_INCUBATION,No time recorded,,
SR,4,drought,S4,422.52,,3,SatII_FM_drought_18Oct2016,11/17/2016 10:35,11/17/2016 16:55,America/Los_Angeles,6.333333333,DROUGHT_PRE_INCUBATION,No time recorded,,
SR,5,drought,S5,389.99,,9,SatII_FM_drought_18Oct2016,11/17/2016 10:35,11/17/2016 16:55,America/Los_Angeles,6.333333333,DROUGHT_PRE_INCUBATION,No time recorded,,
SR,10,drought,S10,357.57,,8,SatII_FM_drought_18Oct2016,11/17/2016 10:35,11/17/2016 16:55,America/Los_Angeles,6.333333333,DROUGHT_PRE_INCUBATION,No time recorded,,
SR,14,drought,S14,415.35,,7,SatII_FM_drought_18Oct2016,11/17/2016 10:35,11/17/2016 16:55,America/Los_Angeles,6.333333333,DROUGHT_PRE_INCUBATION,No time recorded,,
SR,25,drought,S25,416.03,,14,SatII_FM_drought_18Oct2016,11/17/2016 10:35,11/17/2016 16:55,America/Los_Angeles,6.333333333,DROUGHT_PRE_INCUBATION,No time recorded,,
CPCRW,na,ambient,NA,NA,,16,Sat_I,11/14/2016 12:50,11/14/2016 23:05,America/Los_Angeles,10.25,AMBIENT,,,
CPCRW,23,drought,C23,487.93,,3,Sat_I,11/17/2016 12:50,11/17/2016 23:05,America/Los_Angeles,10.25,DROUGHT_INCUBATION,,,
CPCRW,23,drought,C23,355.38,,NO VALVE,Sat_I,11/29/2016 13:16,11/29/2016 20:05,America/Los_Angeles,6.816666667,DROUGHT_INCUBATION,,,
CPCRW,23,drought,C23,327.51,,2,Sat_I,12/2/2016 17:31,12/2/2016 23:05,America/Los_Angeles,5.566666667,DROUGHT_INCUBATION,,,
CPCRW,24,drought,C24,323.49,,8,,11/8/2016 9:06,11/8/2016 16:05,America/Los_Angeles,6.983333333,DROUGHT_INCUBATION,,,
CPCRW,24,drought,C24,344.2,,10,,11/10/2016 10:06,11/10/2016 16:05,America/Los_Angeles,5.983333333,DROUGHT_INCUBATION,,,
na,na,ambient,NA,NA,,16,SatII_FM_drought_18Oct2016,11/22/2016 11:41,11/22/2016 19:05,America/Los_Angeles,7.4,AMBIENT,,,
SR,7,sat_II,S7,429.07,,13,SatII_FM_drought_18Oct2016,11/22/2016 11:41,11/22/2016 19:05,America/Los_Angeles,7.4,SATURATION_INCUBATION,,,
SR,3,sat_II,S3,444.19,,9,SatII_FM_drought_18Oct2016,11/22/2016 11:41,11/22/2016 19:05,America/Los_Angeles,7.4,SATURATION_INCUBATION,,,
SR,2,sat_II,S2,424.13,,12,SatII_FM_drought_18Oct2016,11/22/2016 11:41,11/22/2016 19:05,America/Los_Angeles,7.4,SATURATION_INCUBATION,,,
SR,24,sat_II,S24,415.68,,15,SatII_FM_drought_18Oct2016,11/22/2016 11:41,11/22/2016 19:05,America/Los_Angeles,7.4,SATURATION_INCUBATION,,,
SR,18,sat_II,S18,422.04,,11,SatII_FM_drought_18Oct2016,11/22/2016 11:41,11/22/2016 19:05,America/Los_Angeles,7.4,SATURATION_INCUBATION,,,
SR,15,field_moist,S15,411.24,,10,SatII_FM_drought_18Oct2016,11/22/2016 11:41,11/22/2016 19:05,America/Los_Angeles,7.4,FIELD_MOIST_INCUBATION,,,
SR,21,field_moist,S21,346.94,,2,SatII_FM_drought_18Oct2016,11/22/2016 11:41,11/22/2016 19:05,America/Los_Angeles,7.4,FIELD_MOIST_INCUBATION,,,
SR,13,field_moist,S13,394.26,,14,SatII_FM_drought_18Oct2016,11/22/2016 11:41,11/22/2016 19:05,America/Los_Angeles,7.4,FIELD_MOIST_INCUBATION,,,
SR,19,field_moist,S19,361.89,,1,SatII_FM_drought_18Oct2016,11/22/2016 11:41,11/22/2016 19:05,America/Los_Angeles,7.4,FIELD_MOIST_INCUBATION,,,
SR,1,field_moist,S1,379.95,,5,SatII_FM_drought_18Oct2016,11/22/2016 11:41,11/22/2016 19:05,America/Los_Angeles,7.4,FIELD_MOIST_INCUBATION,,,
SR,4,drought,S4,412.6,,3,SatII_FM_drought_18Oct2016,11/22/2016 11:41,11/22/2016 19:05,America/Los_Angeles,7.4,DROUGHT_PRE_INCUBATION,,,
SR,5,drought,S5,386.78,,4,SatII_FM_drought_18Oct2016,11/22/2016 11:41,11/22/2016 19:05,America/Los_Angeles,7.4,DROUGHT_PRE_INCUBATION,,,
SR,10,drought,S10,352.15,,8,SatII_FM_drought_18Oct2016,11/22/2016 11:41,11/22/2016 19:05,America/Los_Angeles,7.4,DROUGHT_PRE_INCUBATION,,,
SR,14,drought,S14,408.72,,7,SatII_FM_drought_18Oct2016,11/22/2016 11:41,11/22/2016 19:05,America/Los_Angeles,7.4,DROUGHT_PRE_INCUBATION,,,
SR,25,drought,S25,406.56,,9,SatII_FM_drought_18Oct2016,11/22/2016 11:41,11/22/2016 19:05,America/Los_Angeles,7.4,DROUGHT_PRE_INCUBATION,,,
CPCRW,na,ambient,NA,NA,,NA,,11/23/2016 11:35,11/23/2016 13:30,America/Los_Angeles,1.916666667,AMBIENT,No time recorded,,
SR,10,drought,S10,347.44,,2,SatII_FM_drought_18Oct2016,11/25/2016 12:43,11/25/2016 19:05,America/Los_Angeles,6.366666667,DROUGHT_PRE_INCUBATION,__TRC,TRC,
SR,14,drought,S14,403.44,,1,SatII_FM_drought_18Oct2017,11/25/2016 12:43,11/25/2016 19:05,America/Los_Angeles,6.366666667,DROUGHT_PRE_INCUBATION,__TRC,TRC,
SR,25,drought,S25,NO WEIGHT,,6,SatII_FM_drought_18Oct2017,11/25/2016 12:43,11/25/2016 19:05,America/Los_Angeles,6.366666667,DROUGHT_PRE_INCUBATION,could not remove the cap!__TRC,TRC,
SR,5,drought,S5,383.8,,4,SatII_FM_drought_18Oct2017,11/25/2016 12:43,11/25/2016 19:05,America/Los_Angeles,6.366666667,DROUGHT_PRE_INCUBATION,__TRC,TRC,
SR,4,drought,S4,405.11,,7,SatII_FM_drought_18Oct2017,11/25/2016 12:43,11/25/2016 19:05,America/Los_Angeles,6.366666667,DROUGHT_PRE_INCUBATION,__TRC,TRC,
SR,15,field_moist,S15,347.44,,11,SatII_FM_drought_18Oct2017,11/25/2016 12:43,11/25/2016 19:05,America/Los_Angeles,6.366666667,FIELD_MOIST_INCUBATION,added water after measurements__TRC,TRC,
SR,21,field_moist,S21,403.44,,9,SatII_FM_drought_18Oct2017,11/25/2016 12:43,11/25/2016 19:05,America/Los_Angeles,6.366666667,FIELD_MOIST_INCUBATION,added water after measurements__TRC,TRC,
SR,13,field_moist,S13,NO WEIGHT,,3,SatII_FM_drought_18Oct2017,11/25/2016 12:43,11/25/2016 19:05,America/Los_Angeles,6.366666667,FIELD_MOIST_INCUBATION,added water after measurements__TRC,TRC,
SR,19,field_moist,S19,383.8,,14,SatII_FM_drought_18Oct2017,11/25/2016 12:43,11/25/2016 19:05,America/Los_Angeles,6.366666667,FIELD_MOIST_INCUBATION,added water after measurements__TRC,TRC,
SR,1,field_moist,S1,405.11,,10,SatII_FM_drought_18Oct2017,11/25/2016 12:43,11/25/2016 19:05,America/Los_Angeles,6.366666667,FIELD_MOIST_INCUBATION,added water after measurements__TRC,TRC,
SR,7,sat_II,S7,440.56,,15,SatII_FM_drought_18Oct2017,11/25/2016 12:43,11/25/2016 19:05,America/Los_Angeles,6.366666667,SATURATION_INCUBATION,added water after measurements__TRC,TRC,
SR,3,sat_II,S3,449.3,,13,SatII_FM_drought_18Oct2017,11/25/2016 12:43,11/25/2016 19:05,America/Los_Angeles,6.366666667,SATURATION_INCUBATION,added water after measurements__TRC,TRC,
SR,2,sat_II,S2,436.45,,12,SatII_FM_drought_18Oct2017,11/25/2016 12:43,11/25/2016 19:05,America/Los_Angeles,6.366666667,SATURATION_INCUBATION,added water after measurements__TRC,TRC,
SR,24,sat_II,S24,417.98,,5,SatII_FM_drought_18Oct2017,11/25/2016 12:43,11/25/2016 19:05,America/Los_Angeles,6.366666667,SATURATION_INCUBATION,added water after measurements__TRC,TRC,
SR,18,sat_II,S18,419,,8,SatII_FM_drought_18Oct2017,11/25/2016 12:43,11/25/2016 19:05,America/Los_Angeles,6.366666667,SATURATION_INCUBATION,added water after measurements__TRC,TRC,
na,na,ambient,NA,NA,,16,SatII_FM_drought_18Oct2016,11/29/2016 10:07,11/29/2016 15:05,America/Los_Angeles,4.966666667,AMBIENT,,,
SR,7,sat_II,S7,441.23,,8,SatII_FM_drought_18Oct2016,11/29/2016 10:07,11/29/2016 15:05,America/Los_Angeles,4.966666667,SATURATION_INCUBATION,,,
SR,3,sat_II,S3,450.05,,2,SatII_FM_drought_18Oct2016,11/29/2016 10:07,11/29/2016 15:05,America/Los_Angeles,4.966666667,SATURATION_INCUBATION,,,
SR,2,sat_II,S2,427.71,,9,SatII_FM_drought_18Oct2016,11/29/2016 10:07,11/29/2016 15:05,America/Los_Angeles,4.966666667,SATURATION_INCUBATION,,,
SR,24,sat_II,S24,419.05,,12,SatII_FM_drought_18Oct2016,11/29/2016 10:07,11/29/2016 15:05,America/Los_Angeles,4.966666667,SATURATION_INCUBATION,,,
SR,18,sat_II,S18,418.55,,15,SatII_FM_drought_18Oct2016,11/29/2016 10:07,11/29/2016 15:05,America/Los_Angeles,4.966666667,SATURATION_INCUBATION,,,
SR,15,field_moist,S15,413.53,,3,SatII_FM_drought_18Oct2016,11/29/2016 10:07,11/29/2016 15:05,America/Los_Angeles,4.966666667,FIELD_MOIST_INCUBATION,,,
SR,21,field_moist,S21,345.37,,5,SatII_FM_drought_18Oct2016,11/29/2016 10:07,11/29/2016 15:05,America/Los_Angeles,4.966666667,FIELD_MOIST_INCUBATION,,,
SR,13,field_moist,S13,395.12,,1,SatII_FM_drought_18Oct2016,11/29/2016 10:07,11/29/2016 15:05,America/Los_Angeles,4.966666667,FIELD_MOIST_INCUBATION,,,
SR,19,field_moist,S19,361.29,,11,SatII_FM_drought_18Oct2016,11/29/2016 10:07,11/29/2016 15:05,America/Los_Angeles,4.966666667,FIELD_MOIST_INCUBATION,,,
SR,1,field_moist,S1,380.66,,7,SatII_FM_drought_18Oct2016,11/29/2016 10:07,11/29/2016 15:05,America/Los_Angeles,4.966666667,FIELD_MOIST_INCUBATION,,,
SR,4,drought,S4,397.07,,14,SatII_FM_drought_18Oct2016,11/29/2016 10:07,11/29/2016 15:05,America/Los_Angeles,4.966666667,DROUGHT_PRE_INCUBATION,,,
SR,5,drought,S5,380.24,,4,SatII_FM_drought_18Oct2016,11/29/2016 10:07,11/29/2016 15:05,America/Los_Angeles,4.966666667,DROUGHT_PRE_INCUBATION,,,
SR,10,drought,S10,341.77,,13,SatII_FM_drought_18Oct2016,11/29/2016 10:07,11/29/2016 15:05,America/Los_Angeles,4.966666667,DROUGHT_PRE_INCUBATION,,,
SR,14,drought,S14,396.77,,10,SatII_FM_drought_18Oct2016,11/29/2016 10:07,11/29/2016 15:05,America/Los_Angeles,4.966666667,DROUGHT_PRE_INCUBATION,,,
SR,25,drought,S25,394.48,,6,SatII_FM_drought_18Oct2016,11/29/2016 10:07,11/29/2016 15:05,America/Los_Angeles,4.966666667,DROUGHT_PRE_INCUBATION,,,
CPCRW,na,ambient,NA,NA,,16,Sat_I,11/29/2016 13:16,11/29/2016 20:05,America/Los_Angeles,6.816666667,AMBIENT,,,
CPCRW,24,drought,C24,,,10,Sat_II_FM_10Nov2016,11/14/2016 10:22,11/14/2016 18:05,America/Los_Angeles,7.716666667,DROUGHT_INCUBATION,,,
CPCRW,24,drought,C24,,,8,Sat_I,11/17/2016 12:50,11/17/2016 23:05,America/Los_Angeles,10.25,DROUGHT_INCUBATION,,,
CPCRW,24,drought,C24,,,NO VALVE,Sat_I,11/29/2016 13:16,11/29/2016 20:05,America/Los_Angeles,6.816666667,DROUGHT_INCUBATION,,,
CPCRW,24,drought,C24,,,13,Sat_I,12/2/2016 17:31,12/2/2016 23:05,America/Los_Angeles,5.566666667,DROUGHT_INCUBATION,,,
CPCRW,25,drought,C25,,,15,,11/8/2016 9:06,11/8/2016 16:05,America/Los_Angeles,6.983333333,DROUGHT_INCUBATION,,,
na,NA,ambient,NA,,,16,SatII_FM_drought_18Oct2016,12/2/2016 13:36,12/2/2016 20:05,America/Los_Angeles,6.483333333,AMBIENT,,,
SR,7,sat_II,S7,444.45,,3,SatII_FM_drought_18Oct2016,12/2/2016 13:36,12/2/2016 20:05,America/Los_Angeles,6.483333333,SATURATION_INCUBATION,,,
SR,3,sat_II,S3,454.78,,6,SatII_FM_drought_18Oct2016,12/2/2016 13:36,12/2/2016 20:05,America/Los_Angeles,6.483333333,SATURATION_INCUBATION,,,
SR,2,sat_II,S2,430.83,,11,SatII_FM_drought_18Oct2016,12/2/2016 13:36,12/2/2016 20:05,America/Los_Angeles,6.483333333,SATURATION_INCUBATION,,,
SR,24,sat_II,S24,417.16,,5,SatII_FM_drought_18Oct2016,12/2/2016 13:36,12/2/2016 20:05,America/Los_Angeles,6.483333333,SATURATION_INCUBATION,,,
SR,18,sat_II,S18,419.58,,7,SatII_FM_drought_18Oct2016,12/2/2016 13:36,12/2/2016 20:05,America/Los_Angeles,6.483333333,SATURATION_INCUBATION,,,
SR,15,field_moist,S15,417.35,,14,SatII_FM_drought_18Oct2016,12/2/2016 13:36,12/2/2016 20:05,America/Los_Angeles,6.483333333,FIELD_MOIST_INCUBATION,,,
SR,21,field_moist,S21,346.09,,13,SatII_FM_drought_18Oct2016,12/2/2016 13:36,12/2/2016 20:05,America/Los_Angeles,6.483333333,FIELD_MOIST_INCUBATION,,,
SR,13,field_moist,S13,394.96,,9,SatII_FM_drought_18Oct2016,12/2/2016 13:36,12/2/2016 20:05,America/Los_Angeles,6.483333333,FIELD_MOIST_INCUBATION,,,
SR,19,field_moist,S19,359.27,,8,SatII_FM_drought_18Oct2016,12/2/2016 13:36,12/2/2016 20:05,America/Los_Angeles,6.483333333,FIELD_MOIST_INCUBATION,,,
SR,1,field_moist,S1,379.55,,12,SatII_FM_drought_18Oct2016,12/2/2016 13:36,12/2/2016 20:05,America/Los_Angeles,6.483333333,FIELD_MOIST_INCUBATION,,,
SR,4,drought,S4,387.88,,10,SatII_FM_drought_18Oct2016,12/2/2016 13:36,12/2/2016 20:05,America/Los_Angeles,6.483333333,DROUGHT_PRE_INCUBATION,,,
SR,5,drought,S5,375.9,,1,SatII_FM_drought_18Oct2016,12/2/2016 13:36,12/2/2016 20:05,America/Los_Angeles,6.483333333,DROUGHT_PRE_INCUBATION,,,
SR,10,drought,S10,335.24,,15,SatII_FM_drought_18Oct2016,12/2/2016 13:36,12/2/2016 20:05,America/Los_Angeles,6.483333333,DROUGHT_PRE_INCUBATION,,,
SR,14,drought,S14,388.75,,2,SatII_FM_drought_18Oct2016,12/2/2016 13:36,12/2/2016 20:05,America/Los_Angeles,6.483333333,DROUGHT_PRE_INCUBATION,,,
SR,25,drought,S25,385.11,,4,SatII_FM_drought_18Oct2016,12/2/2016 13:36,12/2/2016 20:05,America/Los_Angeles,6.483333333,DROUGHT_PRE_INCUBATION,,,
na,na,ambient,NA,NA,,16,Sat_I,12/2/2016 17:31,12/2/2016 23:05,America/Los_Angeles,5.566666667,AMBIENT,,,
CPCRW,25,drought,C25,,,7,,11/10/2016 10:06,11/10/2016 16:05,America/Los_Angeles,5.983333333,DROUGHT_INCUBATION,,,
CPCRW,25,drought,C25,,,4,Sat_II_FM_10Nov2016,11/14/2016 10:22,11/14/2016 18:05,America/Los_Angeles,7.716666667,DROUGHT_INCUBATION,,,
CPCRW,25,drought,C25,,,7,Sat_I,11/17/2016 12:50,11/17/2016 23:05,America/Los_Angeles,10.25,DROUGHT_INCUBATION,,,
CPCRW,25,drought,C25,,,NO VALVE,Sat_I,11/29/2016 13:16,11/29/2016 20:05,America/Los_Angeles,6.816666667,DROUGHT_INCUBATION,,,
CPCRW,25,drought,C25,343.61,,14,Sat_I,12/2/2016 17:31,12/2/2016 23:05,America/Los_Angeles,5.566666667,DROUGHT_INCUBATION,,,
CPCRW,na,ambient,NA,NA,,16,Sat_I,12/4/2016 9:02,12/4/2016 15:05,America/Los_Angeles,6.05,AMBIENT,,,
CPCRW,21,drought,C21,656.85,10,11,Sat_I,12/4/2016 9:02,12/4/2016 15:05,America/Los_Angeles,6.05,DROUGHT_SATURATION,,,
CPCRW,22,drought,C22,520.22,10,14,Sat_I,12/4/2016 9:02,12/4/2016 15:05,America/Los_Angeles,6.05,DROUGHT_SATURATION,,,
CPCRW,23,drought,C23,502.1,10,4,Sat_I,12/4/2016 9:02,12/4/2016 15:05,America/Los_Angeles,6.05,DROUGHT_SATURATION,,,
CPCRW,24,drought,C24,500.33,10,7,Sat_I,12/4/2016 9:02,12/4/2016 15:05,America/Los_Angeles,6.05,DROUGHT_SATURATION,,,
CPCRW,25,drought,C25,495.68,10,3,Sat_I,12/4/2016 9:02,12/4/2016 15:05,America/Los_Angeles,6.05,DROUGHT_SATURATION,,,
na,na,ambient,NA,NA,,16,SatII_FM_drought_18Oct2016,12/6/2016 11:25,12/6/2016 18:05,America/Los_Angeles,6.666666667,AMBIENT,,,
SR,7,sat_II,S7,NO WEIGHT,,3,SatII_FM_drought_18Oct2016,12/6/2016 11:25,12/6/2016 18:05,America/Los_Angeles,6.666666667,SATURATION_INCUBATION,,,
SR,3,sat_II,S3,NO WEIGHT,,7,SatII_FM_drought_18Oct2016,12/6/2016 11:25,12/6/2016 18:05,America/Los_Angeles,6.666666667,SATURATION_INCUBATION,,,
SR,2,sat_II,S2,NO WEIGHT,,12,SatII_FM_drought_18Oct2016,12/6/2016 11:25,12/6/2016 18:05,America/Los_Angeles,6.666666667,SATURATION_INCUBATION,,,
SR,24,sat_II,S24,NO WEIGHT,,5,SatII_FM_drought_18Oct2016,12/6/2016 11:25,12/6/2016 18:05,America/Los_Angeles,6.666666667,SATURATION_INCUBATION,,,
SR,18,sat_II,S18,NO WEIGHT,,1,SatII_FM_drought_18Oct2016,12/6/2016 11:25,12/6/2016 18:05,America/Los_Angeles,6.666666667,SATURATION_INCUBATION,,,
SR,15,field_moist,S15,NO WEIGHT,,11,SatII_FM_drought_18Oct2016,12/6/2016 11:25,12/6/2016 18:05,America/Los_Angeles,6.666666667,FIELD_MOIST_INCUBATION,,,
SR,21,field_moist,S21,NO WEIGHT,,14,SatII_FM_drought_18Oct2016,12/6/2016 11:25,12/6/2016 18:05,America/Los_Angeles,6.666666667,FIELD_MOIST_INCUBATION,,,
SR,13,field_moist,S13,NO WEIGHT,,15,SatII_FM_drought_18Oct2016,12/6/2016 11:25,12/6/2016 18:05,America/Los_Angeles,6.666666667,FIELD_MOIST_INCUBATION,,,
SR,19,field_moist,S19,NO WEIGHT,,10,SatII_FM_drought_18Oct2016,12/6/2016 11:25,12/6/2016 18:05,America/Los_Angeles,6.666666667,FIELD_MOIST_INCUBATION,,,
SR,1,field_moist,S1,NO WEIGHT,,2,SatII_FM_drought_18Oct2016,12/6/2016 11:25,12/6/2016 18:05,America/Los_Angeles,6.666666667,FIELD_MOIST_INCUBATION,,,
na,na,ambient,NA,NA,,16,sat_II,12/8/2016 10:49,12/8/2016 17:05,America/Los_Angeles,6.266666667,AMBIENT,,,
SR,7,sat_II,S7,NO WEIGHT,,7,sat_II,12/8/2016 10:49,12/8/2016 17:05,America/Los_Angeles,6.266666667,SATURATION_INCUBATION,,,
SR,3,sat_II,S3,NO WEIGHT,,5,sat_II,12/8/2016 10:49,12/8/2016 17:05,America/Los_Angeles,6.266666667,SATURATION_INCUBATION,,,
SR,2,sat_II,S2,NO WEIGHT,,12,sat_II,12/8/2016 10:49,12/8/2016 17:05,America/Los_Angeles,6.266666667,SATURATION_INCUBATION,,,
SR,24,sat_II,S24,NO WEIGHT,,14,sat_II,12/8/2016 10:49,12/8/2016 17:05,America/Los_Angeles,6.266666667,SATURATION_INCUBATION,,,
SR,18,sat_II,S18,NO WEIGHT,,11,sat_II,12/8/2016 10:49,12/8/2016 17:05,America/Los_Angeles,6.266666667,SATURATION_INCUBATION,,,
na,na,ambient,NA,NA,,16,sat_II_FM_3Soils_10Nov,12/9/2016 11:50,12/9/2016 18:05,America/Los_Angeles,6.25,AMBIENT,,,
SR,15,field_moist,S15,NO WEIGHT,,10,sat_II_FM_3Soils_10Nov,12/9/2016 11:50,12/9/2016 18:05,America/Los_Angeles,6.25,FIELD_MOIST_INCUBATION,,,
SR,21,field_moist,S21,NO WEIGHT,,3,sat_II_FM_3Soils_10Nov,12/9/2016 11:50,12/9/2016 18:05,America/Los_Angeles,6.25,FIELD_MOIST_INCUBATION,,,
SR,13,field_moist,S13,NO WEIGHT,,14,sat_II_FM_3Soils_10Nov,12/9/2016 11:50,12/9/2016 18:05,America/Los_Angeles,6.25,FIELD_MOIST_INCUBATION,,,
SR,19,field_moist,S19,NO WEIGHT,,12,sat_II_FM_3Soils_10Nov,12/9/2016 11:50,12/9/2016 18:05,America/Los_Angeles,6.25,FIELD_MOIST_INCUBATION,,,
SR,1,field_moist,S1,,,11,sat_II_FM_3Soils_10Nov,12/9/2016 11:50,12/9/2016 18:05,America/Los_Angeles,6.25,FIELD_MOIST_INCUBATION,,,
SR,10,drought,S10,323.63,,9,SatII_FM_drought_18Oct2016,12/12/2016 11:42,12/12/2016 18:05,America/Los_Angeles,6.383333333,DROUGHT_PRE_INCUBATION,__TRC,TRC,
SR,14,drought,S14,351.2,,1,SatII_FM_drought_18Oct2017,12/12/2016 11:42,12/12/2016 18:05,America/Los_Angeles,6.383333333,DROUGHT_PRE_INCUBATION,__TRC,TRC,
SR,25,drought,S25,370.04,,6,SatII_FM_drought_18Oct2017,12/12/2016 11:42,12/12/2016 18:05,America/Los_Angeles,6.383333333,DROUGHT_PRE_INCUBATION,__TRC,TRC,
SR,5,drought,S5,367.4,,4,SatII_FM_drought_18Oct2017,12/12/2016 11:42,12/12/2016 18:05,America/Los_Angeles,6.383333333,DROUGHT_PRE_INCUBATION,__TRC,TRC,
SR,4,drought,S4,373.32,,13,SatII_FM_drought_18Oct2017,12/12/2016 11:42,12/12/2016 18:05,America/Los_Angeles,6.383333333,DROUGHT_PRE_INCUBATION,__TRC,TRC,
SR,15,field_moist,S15,390,10,15,SatII_FM_drought_18Oct2017,12/12/2016 11:42,12/12/2016 18:05,America/Los_Angeles,6.383333333,FIELD_MOIST_SATURATION,end of incubation__TRC,TRC,
SR,21,field_moist,S21,359.55,10,5,SatII_FM_drought_18Oct2017,12/12/2016 11:42,12/12/2016 18:05,America/Los_Angeles,6.383333333,FIELD_MOIST_SATURATION,end of incubation__TRC,TRC,
SR,13,field_moist,S13,403.06,10,10,SatII_FM_drought_18Oct2017,12/12/2016 11:42,12/12/2016 18:05,America/Los_Angeles,6.383333333,FIELD_MOIST_SATURATION,end of incubation__TRC,TRC,
SR,19,field_moist,S19,374.26,10,3,SatII_FM_drought_18Oct2017,12/12/2016 11:42,12/12/2016 18:05,America/Los_Angeles,6.383333333,FIELD_MOIST_SATURATION,end of incubation__TRC,TRC,
SR,1,field_moist,S1,391.31,10,14,SatII_FM_drought_18Oct2017,12/12/2016 11:42,12/12/2016 18:05,America/Los_Angeles,6.383333333,FIELD_MOIST_SATURATION,end of incubation__TRC,TRC,
SR,7,sat_II,S7,460.59,,7,SatII_FM_drought_18Oct2017,12/12/2016 11:42,12/12/2016 18:05,America/Los_Angeles,6.383333333,SATURATION_INCUBATION,end of incubation__TRC,TRC,
SR,3,sat_II,S3,451.76,,2,SatII_FM_drought_18Oct2017,12/12/2016 11:42,12/12/2016 18:05,America/Los_Angeles,6.383333333,SATURATION_INCUBATION,end of incubation__TRC,TRC,
SR,2,sat_II,S2,451.48,,8,SatII_FM_drought_18Oct2017,12/12/2016 11:42,12/12/2016 18:05,America/Los_Angeles,6.383333333,SATURATION_INCUBATION,end of incubation__TRC,TRC,
SR,24,sat_II,S24,435.15,,12,SatII_FM_drought_18Oct2017,12/12/2016 11:42,12/12/2016 18:05,America/Los_Angeles,6.383333333,SATURATION_INCUBATION,end of incubation__TRC,TRC,
SR,18,sat_II,S18,439.3,,11,SatII_FM_drought_18Oct2017,12/12/2016 11:42,12/12/2016 18:05,America/Los_Angeles,6.383333333,SATURATION_INCUBATION,end of incubation__TRC,TRC,
SR,na,ambient,NA,NA,,16,Sat_I,12/16/2016 12:05,12/16/2016 18:05,America/Los_Angeles,6,AMBIENT,,,
SR,10,drought,S10,318.89,,10,Sat_I,12/16/2016 12:05,12/16/2016 18:05,America/Los_Angeles,6,DROUGHT_PRE_INCUBATION,,,
SR,14,drought,S14,369.33,,14,Sat_I,12/16/2016 12:05,12/16/2016 18:05,America/Los_Angeles,6,DROUGHT_PRE_INCUBATION,,,
SR,25,drought,S25,363.57,,3,Sat_I,12/16/2016 12:05,12/16/2016 18:05,America/Los_Angeles,6,DROUGHT_PRE_INCUBATION,,,
SR,5,drought,S5,363.63,,5,Sat_I,12/16/2016 12:05,12/16/2016 18:05,America/Los_Angeles,6,DROUGHT_PRE_INCUBATION,,,
SR,4,drought,S4,366.28,,7,Sat_I,12/16/2016 12:05,12/16/2016 18:05,America/Los_Angeles,6,DROUGHT_PRE_INCUBATION,,,
SR,na,ambient,NA,NA,,16,Sat_I,12/19/2016 11:27,12/19/2016 19:05,America/Los_Angeles,7.633333333,AMBIENT,,,
SR,na,ambient,NA,NO WEIGHT,,16,Sat_I,02/22/2017 8:00,2/22/2017 13:00,America/Los_Angeles,5,AMBIENT,,,
SR,10,drought,S10,NO WEIGHT,,2,,02/22/2017 8:00,2/22/2017 13:00,America/Los_Angeles,5,DROUGHT_INCUBATION,,,
SR,14,drought,S14,NO WEIGHT,,3,,02/22/2017 8:00,2/22/2017 13:00,America/Los_Angeles,5,DROUGHT_INCUBATION,,,
SR,25,drought,S25,NO WEIGHT,,5,,02/22/2017 8:00,2/22/2017 13:00,America/Los_Angeles,5,DROUGHT_INCUBATION,,,
SR,5,drought,S5,NO WEIGHT,,8,,02/22/2017 8:00,2/22/2017 13:00,America/Los_Angeles,5,DROUGHT_INCUBATION,,,
SR,4,drought,S4,243.77,,7,,02/22/2017 8:00,2/22/2017 13:00,America/Los_Angeles,5,DROUGHT_INCUBATION,,,
SR,na,ambient,NA,NA,,16,,02/23/2017 18:00,02/24/2017 17:00,America/Los_Angeles,23,AMBIENT,,,
SR,10,drought,S10,343.03,10,2,,02/23/2017 18:00,02/24/2017 17:00,America/Los_Angeles,23,DROUGHT_SATURATION,,,
SR,14,drought,S14,345.59,10,3,,02/23/2017 18:00,02/24/2017 17:00,America/Los_Angeles,23,DROUGHT_SATURATION,,,
SR,25,drought,S25,387.11,10,5,,02/23/2017 18:00,02/24/2017 17:00,America/Los_Angeles,23,DROUGHT_SATURATION,,,
SR,5,drought,S5,390.98,10,8,,02/23/2017 18:00,02/24/2017 17:00,America/Los_Angeles,23,DROUGHT_SATURATION,,,
SR,4,drought,S4,361.27,10,7,,02/23/2017 18:00,02/24/2017 17:00,America/Los_Angeles,23,DROUGHT_SATURATION,,,
SR,na,ambient,NA,NA,,16,Sat_I,01/23/2017 8:00,1/23/2017 13:00,America/Los_Angeles,5,AMBIENT,,,
SR,10,drought,S10,169.42,,2,,01/23/2017 8:00,1/23/2017 13:00,America/Los_Angeles,5,DROUGHT_INCUBATION,,,
SR,14,drought,S14,190.29,,3,,01/23/2017 8:00,1/23/2017 13:00,America/Los_Angeles,5,DROUGHT_INCUBATION,,,
SR,25,drought,S25,252.62,,5,,01/23/2017 8:00,1/23/2017 13:00,America/Los_Angeles,5,DROUGHT_INCUBATION,,,
SR,5,drought,S5,247.44,,8,,01/23/2017 8:00,1/23/2017 13:00,America/Los_Angeles,5,DROUGHT_INCUBATION,,,
SR,4,drought,S4,243.77,,7,,01/23/2017 8:00,1/23/2017 13:00,America/Los_Angeles,5,DROUGHT_INCUBATION,,,
SR,na,ambient,NA,NA,,16,Sat_I,01/25/2017 8:00,1/25/2017 13:00,America/Los_Angeles,5,AMBIENT,,,
SR,10,drought,S10,169.42,,2,,01/25/2017 8:00,1/25/2017 13:00,America/Los_Angeles,5,DROUGHT_INCUBATION,,,
SR,14,drought,S14,190.29,,3,,01/25/2017 8:00,1/25/2017 13:00,America/Los_Angeles,5,DROUGHT_INCUBATION,,,
SR,25,drought,S25,252.62,,5,,01/25/2017 8:00,1/25/2017 13:00,America/Los_Angeles,5,DROUGHT_INCUBATION,,,
SR,5,drought,S5,247.44,,8,,01/25/2017 8:00,1/25/2017 13:00,America/Los_Angeles,5,DROUGHT_INCUBATION,,,
SR,4,drought,S4,243.77,,7,,01/25/2017 8:00,1/25/2017 13:00,America/Los_Angeles,5,DROUGHT_INCUBATION,,,
SR,na,ambient,NA,NA,,16,Sat_I,01/27/2017 8:00,1/27/2017 13:00,America/Los_Angeles,5,AMBIENT,,,
SR,10,drought,S10,169.42,,2,,01/27/2017 8:00,1/27/2017 13:00,America/Los_Angeles,5,DROUGHT_INCUBATION,,,
SR,14,drought,S14,190.29,,3,,01/27/2017 8:00,1/27/2017 13:00,America/Los_Angeles,5,DROUGHT_INCUBATION,,,
SR,25,drought,S25,252.62,,5,,01/27/2017 8:00,1/27/2017 13:00,America/Los_Angeles,5,DROUGHT_INCUBATION,,,
SR,5,drought,S5,247.44,,8,,01/27/2017 8:00,1/27/2017 13:00,America/Los_Angeles,5,DROUGHT_INCUBATION,,,
SR,4,drought,S4,243.77,,7,,01/27/2017 8:00,1/27/2017 13:00,America/Los_Angeles,5,DROUGHT_INCUBATION,,,
SR,na,ambient,NA,NA,,16,Sat_I,01/29/2017 8:00,1/29/2017 13:00,America/Los_Angeles,5,AMBIENT,,,
SR,10,drought,S10,169.42,,2,,01/29/2017 8:00,1/29/2017 13:00,America/Los_Angeles,5,DROUGHT_INCUBATION,,,
SR,14,drought,S14,190.29,,3,,01/29/2017 8:00,1/29/2017 13:00,America/Los_Angeles,5,DROUGHT_INCUBATION,,,
SR,25,drought,S25,252.62,,5,,01/29/2017 8:00,1/29/2017 13:00,America/Los_Angeles,5,DROUGHT_INCUBATION,,,
SR,5,drought,S5,247.44,,8,,01/29/2017 8:00,1/29/2017 13:00,America/Los_Angeles,5,DROUGHT_INCUBATION,,,
SR,4,drought,S4,243.77,,7,,01/29/2017 8:00,1/29/2017 13:00,America/Los_Angeles,5,DROUGHT_INCUBATION,,,
SR,na,ambient,NA,NA,,16,Sat_I,01/31/2017 8:00,1/31/2017 13:00,America/Los_Angeles,5,AMBIENT,,,
SR,10,drought,S10,169.42,,2,,01/31/2017 8:00,1/31/2017 13:00,America/Los_Angeles,5,DROUGHT_INCUBATION,,,
SR,14,drought,S14,190.29,,3,,01/31/2017 8:00,1/31/2017 13:00,America/Los_Angeles,5,DROUGHT_INCUBATION,,,
SR,25,drought,S25,252.62,,5,,01/31/2017 8:00,1/31/2017 13:00,America/Los_Angeles,5,DROUGHT_INCUBATION,,,
SR,5,drought,S5,247.44,,8,,01/31/2017 8:00,1/31/2017 13:00,America/Los_Angeles,5,DROUGHT_INCUBATION,,,
SR,4,drought,S4,243.77,,7,,01/31/2017 8:00,1/31/2017 13:00,America/Los_Angeles,5,DROUGHT_INCUBATION,,,
SR,na,ambient,NA,NA,,16,Sat_I,02/02/2017 8:00,2/2/2017 13:00,America/Los_Angeles,5,AMBIENT,,,
SR,10,drought,S10,169.42,,2,,02/02/2017 8:00,2/2/2017 13:00,America/Los_Angeles,5,DROUGHT_INCUBATION,,,
SR,14,drought,S14,190.29,,3,,02/02/2017 8:00,2/2/2017 13:00,America/Los_Angeles,5,DROUGHT_INCUBATION,,,
SR,25,drought,S25,252.62,,5,,02/02/2017 8:00,2/2/2017 13:00,America/Los_Angeles,5,DROUGHT_INCUBATION,,,
SR,5,drought,S5,247.44,,8,,02/02/2017 8:00,2/2/2017 13:00,America/Los_Angeles,5,DROUGHT_INCUBATION,,,
SR,4,drought,S4,243.77,,7,,02/02/2017 8:00,2/2/2017 13:00,America/Los_Angeles,5,DROUGHT_INCUBATION,,,
SR,na,ambient,NA,NA,,16,Sat_I,02/04/2017 8:00,2/4/2017 13:00,America/Los_Angeles,5,AMBIENT,,,
SR,10,drought,S10,169.42,,2,,02/04/2017 8:00,2/4/2017 13:00,America/Los_Angeles,5,DROUGHT_INCUBATION,,,
SR,14,drought,S14,190.29,,3,,02/04/2017 8:00,2/4/2017 13:00,America/Los_Angeles,5,DROUGHT_INCUBATION,,,
SR,25,drought,S25,252.62,,5,,02/04/2017 8:00,2/4/2017 13:00,America/Los_Angeles,5,DROUGHT_INCUBATION,,,
SR,5,drought,S5,247.44,,8,,02/04/2017 8:00,2/4/2017 13:00,America/Los_Angeles,5,DROUGHT_INCUBATION,,,
SR,4,drought,S4,243.77,,7,,02/04/2017 8:00,2/4/2017 13:00,America/Los_Angeles,5,DROUGHT_INCUBATION,,,
SR,na,ambient,NA,NA,,16,Sat_I,02/06/2017 8:00,2/6/2017 13:00,America/Los_Angeles,5,AMBIENT,,,
SR,10,drought,S10,169.42,,2,,02/06/2017 8:00,2/6/2017 13:00,America/Los_Angeles,5,DROUGHT_INCUBATION,,,
SR,14,drought,S14,190.29,,3,,02/06/2017 8:00,2/6/2017 13:00,America/Los_Angeles,5,DROUGHT_INCUBATION,,,
SR,25,drought,S25,252.62,,5,,02/06/2017 8:00,2/6/2017 13:00,America/Los_Angeles,5,DROUGHT_INCUBATION,,,
SR,5,drought,S5,247.44,,8,,02/06/2017 8:00,2/6/2017 13:00,America/Los_Angeles,5,DROUGHT_INCUBATION,,,
SR,4,drought,S4,243.77,,7,,02/06/2017 8:00,2/6/2017 13:00,America/Los_Angeles,5,DROUGHT_INCUBATION,,,
SR,na,ambient,NA,NA,,16,Sat_I,02/08/2017 8:00,2/8/2017 13:00,America/Los_Angeles,5,AMBIENT,,,
SR,10,drought,S10,169.42,,2,,02/08/2017 8:00,2/8/2017 13:00,America/Los_Angeles,5,DROUGHT_INCUBATION,,,
SR,14,drought,S14,190.29,,3,,02/08/2017 8:00,2/8/2017 13:00,America/Los_Angeles,5,DROUGHT_INCUBATION,,,
SR,25,drought,S25,252.62,,5,,02/08/2017 8:00,2/8/2017 13:00,America/Los_Angeles,5,DROUGHT_INCUBATION,,,
SR,5,drought,S5,247.44,,8,,02/08/2017 8:00,2/8/2017 13:00,America/Los_Angeles,5,DROUGHT_INCUBATION,,,
SR,4,drought,S4,243.77,,7,,02/08/2017 8:00,2/8/2017 13:00,America/Los_Angeles,5,DROUGHT_INCUBATION,,,
SR,na,ambient,NA,NA,,16,Sat_I,02/10/2017 8:00,2/10/2017 13:00,America/Los_Angeles,5,AMBIENT,,,
SR,10,drought,S10,169.42,,2,,02/10/2017 8:00,2/10/2017 13:00,America/Los_Angeles,5,DROUGHT_INCUBATION,,,
SR,14,drought,S14,190.29,,3,,02/10/2017 8:00,2/10/2017 13:00,America/Los_Angeles,5,DROUGHT_INCUBATION,,,
SR,25,drought,S25,252.62,,5,,02/10/2017 8:00,2/10/2017 13:00,America/Los_Angeles,5,DROUGHT_INCUBATION,,,
SR,5,drought,S5,247.44,,8,,02/10/2017 8:00,2/10/2017 13:00,America/Los_Angeles,5,DROUGHT_INCUBATION,,,
SR,4,drought,S4,243.77,,7,,02/10/2017 8:00,2/10/2017 13:00,America/Los_Angeles,5,DROUGHT_INCUBATION,,,
SR,na,ambient,NA,NA,,16,Sat_I,02/12/2017 8:00,2/12/2017 13:00,America/Los_Angeles,5,AMBIENT,,,
SR,10,drought,S10,169.42,,2,,02/12/2017 8:00,2/12/2017 13:00,America/Los_Angeles,5,DROUGHT_INCUBATION,,,
SR,14,drought,S14,190.29,,3,,02/12/2017 8:00,2/12/2017 13:00,America/Los_Angeles,5,DROUGHT_INCUBATION,,,
SR,25,drought,S25,252.62,,5,,02/12/2017 8:00,2/12/2017 13:00,America/Los_Angeles,5,DROUGHT_INCUBATION,,,
SR,5,drought,S5,247.44,,8,,02/12/2017 8:00,2/12/2017 13:00,America/Los_Angeles,5,DROUGHT_INCUBATION,,,
SR,4,drought,S4,243.77,,7,,02/12/2017 8:00,2/12/2017 13:00,America/Los_Angeles,5,DROUGHT_INCUBATION,,,
SR,na,ambient,NA,NA,,16,Sat_I,02/14/2017 8:00,2/14/2017 13:00,America/Los_Angeles,5,AMBIENT,,,
SR,10,drought,S10,169.42,,2,,02/14/2017 8:00,2/14/2017 13:00,America/Los_Angeles,5,DROUGHT_INCUBATION,,,
SR,14,drought,S14,190.29,,3,,02/14/2017 8:00,2/14/2017 13:00,America/Los_Angeles,5,DROUGHT_INCUBATION,,,
SR,25,drought,S25,252.62,,5,,02/14/2017 8:00,2/14/2017 13:00,America/Los_Angeles,5,DROUGHT_INCUBATION,,,
SR,5,drought,S5,247.44,,8,,02/14/2017 8:00,2/14/2017 13:00,America/Los_Angeles,5,DROUGHT_INCUBATION,,,
SR,4,drought,S4,243.77,,7,,02/14/2017 8:00,2/14/2017 13:00,America/Los_Angeles,5,DROUGHT_INCUBATION,,,
SR,na,ambient,NA,NA,,16,Sat_I,02/16/2017 8:00,2/16/2017 13:00,America/Los_Angeles,5,AMBIENT,,,
SR,10,drought,S10,169.42,,2,,02/16/2017 8:00,2/16/2017 13:00,America/Los_Angeles,5,DROUGHT_INCUBATION,,,
SR,14,drought,S14,190.29,,3,,02/16/2017 8:00,2/16/2017 13:00,America/Los_Angeles,5,DROUGHT_INCUBATION,,,
SR,25,drought,S25,252.62,,5,,02/16/2017 8:00,2/16/2017 13:00,America/Los_Angeles,5,DROUGHT_INCUBATION,,,
SR,5,drought,S5,247.44,,8,,02/16/2017 8:00,2/16/2017 13:00,America/Los_Angeles,5,DROUGHT_INCUBATION,,,
SR,4,drought,S4,243.77,,7,,02/16/2017 8:00,2/16/2017 13:00,America/Los_Angeles,5,DROUGHT_INCUBATION,,,
SR,na,ambient,NA,NA,,16,Sat_I,02/18/2017 8:00,2/18/2017 13:00,America/Los_Angeles,5,AMBIENT,,,
SR,10,drought,S10,169.42,,2,,02/18/2017 8:00,2/18/2017 13:00,America/Los_Angeles,5,DROUGHT_INCUBATION,,,
SR,14,drought,S14,190.29,,3,,02/18/2017 8:00,2/18/2017 13:00,America/Los_Angeles,5,DROUGHT_INCUBATION,,,
SR,25,drought,S25,252.62,,5,,02/18/2017 8:00,2/18/2017 13:00,America/Los_Angeles,5,DROUGHT_INCUBATION,,,
SR,5,drought,S5,247.44,,8,,02/18/2017 8:00,2/18/2017 13:00,America/Los_Angeles,5,DROUGHT_INCUBATION,,,
SR,4,drought,S4,243.77,,7,,02/18/2017 8:00,2/18/2017 13:00,America/Los_Angeles,5,DROUGHT_INCUBATION,,,